repo_name,notebook_path
sapols/Satellite-Telemetry-Anomaly-Detection,demo/Algorithm Modeling.ipynb
sapols/Satellite-Telemetry-Anomaly-Detection,demo/Anomaly Detection.ipynb
sapols/Satellite-Telemetry-Anomaly-Detection,explore/explore_arima_anomalies_in_battery_temp_data.ipynb
sapols/Satellite-Telemetry-Anomaly-Detection,explore/explore_arima_anomalies_in_bus_voltage_data.ipynb
sapols/Satellite-Telemetry-Anomaly-Detection,explore/explore_arima_anomalies_in_bus_voltage_test_data.ipynb
sapols/Satellite-Telemetry-Anomaly-Detection,explore/explore_arima_anomalies_in_wheel_temp_data.ipynb
sapols/Satellite-Telemetry-Anomaly-Detection,explore/explore_standard_deviation_anomalies_in_battery_temp_data.ipynb
sapols/Satellite-Telemetry-Anomaly-Detection,explore/explore_standard_deviation_anomalies_in_bus_current_data.ipynb
sapols/Satellite-Telemetry-Anomaly-Detection,explore/explore_standard_deviation_anomalies_in_bus_voltage_data.ipynb
sapols/Satellite-Telemetry-Anomaly-Detection,explore/explore_standard_deviation_anomalies_in_wheel_rpm_data.ipynb
sapols/Satellite-Telemetry-Anomaly-Detection,explore/explore_standard_deviation_anomalies_in_wheel_temp_data.ipynb
