repository_name,repository_url,stars
Lightning-AI/lightning,https://github.com/Lightning-AI/lightning,21605
facebookresearch/fairseq,https://github.com/facebookresearch/fairseq,20932
NVIDIA/DeepLearningExamples,https://github.com/NVIDIA/DeepLearningExamples,10259
great-expectations/great_expectations,https://github.com/great-expectations/great_expectations,7996
returntocorp/semgrep,https://github.com/returntocorp/semgrep,7764
dagster-io/dagster,https://github.com/dagster-io/dagster,6572
Anjok07/ultimatevocalremovergui,https://github.com/Anjok07/ultimatevocalremovergui,5261
facebookresearch/metaseq,https://github.com/facebookresearch/metaseq,4970
pixie-io/pixie,https://github.com/pixie-io/pixie,4287
PaddlePaddle/PaddleRec,https://github.com/PaddlePaddle/PaddleRec,3672
FedML-AI/FedML,https://github.com/FedML-AI/FedML,2408
DedSecInside/TorBot,https://github.com/DedSecInside/TorBot,1856
tensorflow/privacy,https://github.com/tensorflow/privacy,1719
alibaba/AliceMind,https://github.com/alibaba/AliceMind,1520
lululxvi/deepxde,https://github.com/lululxvi/deepxde,1486
alibaba/EasyNLP,https://github.com/alibaba/EasyNLP,1441
mlcommons/training,https://github.com/mlcommons/training,1384
alibaba/EasyCV,https://github.com/alibaba/EasyCV,1349
open-mmlab/mmrotate,https://github.com/open-mmlab/mmrotate,1250
microsoft/DirectML,https://github.com/microsoft/DirectML,1213
huggingface/evaluate,https://github.com/huggingface/evaluate,1146
huggingface/setfit,https://github.com/huggingface/setfit,1078
Xilinx/Vitis-AI,https://github.com/Xilinx/Vitis-AI,1043
exorde-labs/ExordeModuleCLI,https://github.com/exorde-labs/ExordeModuleCLI,967
intel/neural-compressor,https://github.com/intel/neural-compressor,932
thuml/Autoformer,https://github.com/thuml/Autoformer,904
microsoft/NeuralSpeech,https://github.com/microsoft/NeuralSpeech,826
LlmKira/Openaibot,https://github.com/LlmKira/Openaibot,813
h1st-ai/h1st,https://github.com/h1st-ai/h1st,773
sematic-ai/sematic,https://github.com/sematic-ai/sematic,737
cure-lab/LTSF-Linear,https://github.com/cure-lab/LTSF-Linear,628
mlco2/codecarbon,https://github.com/mlco2/codecarbon,613
sunlabuiuc/PyHealth,https://github.com/sunlabuiuc/PyHealth,560
ucas-vg/PointTinyBenchmark,https://github.com/ucas-vg/PointTinyBenchmark,557
harlanhong/CVPR2022-DaGAN,https://github.com/harlanhong/CVPR2022-DaGAN,545
pytorch/benchmark,https://github.com/pytorch/benchmark,522
Py-Contributors/awesomeScripts,https://github.com/Py-Contributors/awesomeScripts,468
whitead/dmol-book,https://github.com/whitead/dmol-book,455
glato/emerge,https://github.com/glato/emerge,452
thunlp/OpenMatch,https://github.com/thunlp/OpenMatch,441
jina-ai/now,https://github.com/jina-ai/now,439
objectiv/objectiv-analytics,https://github.com/objectiv/objectiv-analytics,424
thunlp/OpenDelta,https://github.com/thunlp/OpenDelta,416
USCDataScience/sparkler,https://github.com/USCDataScience/sparkler,399
microsoft/archai,https://github.com/microsoft/archai,398
ViTAE-Transformer/ViTDet,https://github.com/ViTAE-Transformer/ViTDet,391
yxuansu/SimCTG,https://github.com/yxuansu/SimCTG,372
google/lightweight_mmm,https://github.com/google/lightweight_mmm,370
Project-MONAI/MONAILabel,https://github.com/Project-MONAI/MONAILabel,363
microsoft/StyleSwin,https://github.com/microsoft/StyleSwin,363
ADLab-AutoDrive/BEVFusion,https://github.com/ADLab-AutoDrive/BEVFusion,361
mapequation/infomap,https://github.com/mapequation/infomap,355
sacdallago/bio_embeddings,https://github.com/sacdallago/bio_embeddings,340
PantoMatrix/BEAT,https://github.com/PantoMatrix/BEAT,338
mitre-attack/tram,https://github.com/mitre-attack/tram,336
PaddlePaddle/Paddle3D,https://github.com/PaddlePaddle/Paddle3D,334
shouxieai/learning-cuda-trt,https://github.com/shouxieai/learning-cuda-trt,331
PaddlePaddle/VIMER,https://github.com/PaddlePaddle/VIMER,330
LiWentomng/BoxInstSeg,https://github.com/LiWentomng/BoxInstSeg,329
SamsungLabs/rome,https://github.com/SamsungLabs/rome,323
NVIDIA/NVFlare,https://github.com/NVIDIA/NVFlare,316
Kushal997-das/Project-Guidance,https://github.com/Kushal997-das/Project-Guidance,310
sjev/trading-with-python,https://github.com/sjev/trading-with-python,307
EugenHotaj/pytorch-generative,https://github.com/EugenHotaj/pytorch-generative,302
amazon-science/bigdetection,https://github.com/amazon-science/bigdetection,291
Haochen-Wang409/U2PL,https://github.com/Haochen-Wang409/U2PL,291
hongfz16/EVA3D,https://github.com/hongfz16/EVA3D,281
graphcore/examples,https://github.com/graphcore/examples,274
NVlabs/GLAMR,https://github.com/NVlabs/GLAMR,274
allenai/pawls,https://github.com/allenai/pawls,273
cfzd/Ultra-Fast-Lane-Detection-v2,https://github.com/cfzd/Ultra-Fast-Lane-Detection-v2,270
stanford-crfm/helm,https://github.com/stanford-crfm/helm,267
extreme-bert/extreme-bert,https://github.com/extreme-bert/extreme-bert,267
DigitalPhonetics/IMS-Toucan,https://github.com/DigitalPhonetics/IMS-Toucan,266
microsoft/ContextualSP,https://github.com/microsoft/ContextualSP,265
PaddlePaddle/PaddleYOLO,https://github.com/PaddlePaddle/PaddleYOLO,264
deeplearning-wisc/vos,https://github.com/deeplearning-wisc/vos,261
vufa/homo,https://github.com/vufa/homo,258
primeqa/primeqa,https://github.com/primeqa/primeqa,257
Tencent/embedx,https://github.com/Tencent/embedx,255
Turoad/CLRNet,https://github.com/Turoad/CLRNet,253
WeChat-Big-Data-Challenge-2022/challenge,https://github.com/WeChat-Big-Data-Challenge-2022/challenge,241
pliang279/MultiBench,https://github.com/pliang279/MultiBench,235
yerfor/GeneFace,https://github.com/yerfor/GeneFace,230
amazon-science/auto-cot,https://github.com/amazon-science/auto-cot,230
HewlettPackard/swarm-learning,https://github.com/HewlettPackard/swarm-learning,230
propublica/facebook-political-ads,https://github.com/propublica/facebook-political-ads,230
ayaka14732/tpu-starter,https://github.com/ayaka14732/tpu-starter,229
Jingkang50/OpenPSG,https://github.com/Jingkang50/OpenPSG,227
xplip/pixel,https://github.com/xplip/pixel,226
Vanint/Awesome-LongTailed-Learning,https://github.com/Vanint/Awesome-LongTailed-Learning,224
YuanGongND/ssast,https://github.com/YuanGongND/ssast,216
facebookresearch/mvit,https://github.com/facebookresearch/mvit,211
google-aai/sc17,https://github.com/google-aai/sc17,208
hustvl/TeViT,https://github.com/hustvl/TeViT,208
neu-vi/PlanarRecon,https://github.com/neu-vi/PlanarRecon,206
Shifts-Project/shifts,https://github.com/Shifts-Project/shifts,202
yxuansu/MAGIC,https://github.com/yxuansu/MAGIC,202
MCG-NJU/AdaMixer,https://github.com/MCG-NJU/AdaMixer,202
dingmyu/davit,https://github.com/dingmyu/davit,200
sgoldenlab/simba,https://github.com/sgoldenlab/simba,196
cuiziteng/Illumination-Adaptive-Transformer,https://github.com/cuiziteng/Illumination-Adaptive-Transformer,195
adaptive-intelligent-robotics/QDax,https://github.com/adaptive-intelligent-robotics/QDax,192
hecongqing/CCKS2019_EventEntityExtraction_Rank5,https://github.com/hecongqing/CCKS2019_EventEntityExtraction_Rank5,187
twitterdev/Gnip-Trend-Detection,https://github.com/twitterdev/Gnip-Trend-Detection,186
machine-learning-apps/actions-ml-cicd,https://github.com/machine-learning-apps/actions-ml-cicd,182
kapadias/medium-articles,https://github.com/kapadias/medium-articles,182
dronedeploy/dd-ml-segmentation-benchmark,https://github.com/dronedeploy/dd-ml-segmentation-benchmark,182
ViTAE-Transformer/ViTAE-Transformer,https://github.com/ViTAE-Transformer/ViTAE-Transformer,178
BBillot/SynthSeg,https://github.com/BBillot/SynthSeg,177
muelea/shapy,https://github.com/muelea/shapy,177
d3blocks/d3blocks,https://github.com/d3blocks/d3blocks,175
aws-samples/amazon-sagemaker-local-mode,https://github.com/aws-samples/amazon-sagemaker-local-mode,169
garvita-tiwari/PoseNDF,https://github.com/garvita-tiwari/PoseNDF,167
kentaroy47/frcnn-from-scratch-with-keras,https://github.com/kentaroy47/frcnn-from-scratch-with-keras,165
thuml/Nonstationary_Transformers,https://github.com/thuml/Nonstationary_Transformers,164
JonasSchult/Mask3D,https://github.com/JonasSchult/Mask3D,164
showlab/all-in-one,https://github.com/showlab/all-in-one,163
kssteven418/Squeezeformer,https://github.com/kssteven418/Squeezeformer,162
YuHengsss/YOLOV,https://github.com/YuHengsss/YOLOV,161
AlibabaResearch/DAMO-ConvAI,https://github.com/AlibabaResearch/DAMO-ConvAI,156
MTLab/MorphMLP,https://github.com/MTLab/MorphMLP,156
haomo-ai/MotionSeg3D,https://github.com/haomo-ai/MotionSeg3D,152
anonNo2/crosstalk-generation,https://github.com/anonNo2/crosstalk-generation,150
NVIDIA-Merlin/models,https://github.com/NVIDIA-Merlin/models,150
Wolfwjs/GANet,https://github.com/Wolfwjs/GANet,149
Atten4Vis/DemystifyLocalViT,https://github.com/Atten4Vis/DemystifyLocalViT,149
Duankaiwen/PyCenterNet,https://github.com/Duankaiwen/PyCenterNet,147
squaredev-io/explainable-ai,https://github.com/squaredev-io/explainable-ai,146
rotot0/tab-ddpm,https://github.com/rotot0/tab-ddpm,145
wenet-e2e/wetts,https://github.com/wenet-e2e/wetts,145
nv-morpheus/Morpheus,https://github.com/nv-morpheus/Morpheus,143
davila7/youtube-gpt,https://github.com/davila7/youtube-gpt,141
AnshMittal1811/MachineLearning-AI,https://github.com/AnshMittal1811/MachineLearning-AI,141
LiWentomng/boxlevelset,https://github.com/LiWentomng/boxlevelset,140
tamojit-maiti/teaching,https://github.com/tamojit-maiti/teaching,139
ChikaYan/d2nerf,https://github.com/ChikaYan/d2nerf,138
muhammadanas0716/Machine-Learning-101,https://github.com/muhammadanas0716/Machine-Learning-101,137
microsoft/msrflute,https://github.com/microsoft/msrflute,136
ant-research/Pyraformer,https://github.com/ant-research/Pyraformer,135
sushil79g/Nepali_nlp,https://github.com/sushil79g/Nepali_nlp,133
intel/intel-extension-for-transformers,https://github.com/intel/intel-extension-for-transformers,131
vsmolyakov/ml_algo_in_depth,https://github.com/vsmolyakov/ml_algo_in_depth,131
magenta/symbolic-music-diffusion,https://github.com/magenta/symbolic-music-diffusion,130
gabors-data-analysis/da_case_studies,https://github.com/gabors-data-analysis/da_case_studies,129
ViTAE-Transformer/ViTAE-VSA,https://github.com/ViTAE-Transformer/ViTAE-VSA,128
microsoft/showwhy,https://github.com/microsoft/showwhy,127
Alibaba-NLP/KB-NER,https://github.com/Alibaba-NLP/KB-NER,127
microsoft/adatest,https://github.com/microsoft/adatest,127
faroit/CountNet,https://github.com/faroit/CountNet,126
pranftw/neograd,https://github.com/pranftw/neograd,123
slrbl/Intrusion-and-anomaly-detection-with-machine-learning,https://github.com/slrbl/Intrusion-and-anomaly-detection-with-machine-learning,123
GeoscienceAustralia/ginan,https://github.com/GeoscienceAustralia/ginan,122
Chasel-Tsui/mmdet-rfla,https://github.com/Chasel-Tsui/mmdet-rfla,121
WHULuoJiaTeam/luojianet,https://github.com/WHULuoJiaTeam/luojianet,120
himashi92/VT-UNet,https://github.com/himashi92/VT-UNet,119
DystopiaRobotics/dystopia,https://github.com/DystopiaRobotics/dystopia,118
AIR-DISCOVER/TOIST,https://github.com/AIR-DISCOVER/TOIST,117
fundamentalvision/Uni-Perceiver,https://github.com/fundamentalvision/Uni-Perceiver,117
qiskit-community/qiskit-translations,https://github.com/qiskit-community/qiskit-translations,117
predict-idlab/powershap,https://github.com/predict-idlab/powershap,117
PacktPublishing/Time-Series-Analysis-with-Python-Cookbook,https://github.com/PacktPublishing/Time-Series-Analysis-with-Python-Cookbook,116
HuantWang/SUPERSONIC,https://github.com/HuantWang/SUPERSONIC,114
alibaba/feathub,https://github.com/alibaba/feathub,112
fcjian/PromptDet,https://github.com/fcjian/PromptDet,111
yuqinie98/PatchTST,https://github.com/yuqinie98/PatchTST,110
OpenGVLab/UniFormerV2,https://github.com/OpenGVLab/UniFormerV2,110
dyabel/detpro,https://github.com/dyabel/detpro,109
Yuanyuan-Yuan/NeuraL-Coverage,https://github.com/Yuanyuan-Yuan/NeuraL-Coverage,107
Xianpeng919/MonoCon,https://github.com/Xianpeng919/MonoCon,106
kleok/FLOODPY,https://github.com/kleok/FLOODPY,105
facebookresearch/Generic-Grouping,https://github.com/facebookresearch/Generic-Grouping,105
amzn/trans-encoder,https://github.com/amzn/trans-encoder,105
e-bug/volta,https://github.com/e-bug/volta,104
wri/sentinel-tree-cover,https://github.com/wri/sentinel-tree-cover,102
Chenglin-Yang/LVT,https://github.com/Chenglin-Yang/LVT,102
tgisaturday/L-Verse,https://github.com/tgisaturday/L-Verse,102
pyansys/pyaedt,https://github.com/pyansys/pyaedt,100
hongfz16/HCMoCo,https://github.com/hongfz16/HCMoCo,100
kishanrajput23/Awesome-Python-Projects,https://github.com/kishanrajput23/Awesome-Python-Projects,99
knodle/knodle,https://github.com/knodle/knodle,97
facebookresearch/MeMViT,https://github.com/facebookresearch/MeMViT,96
lucifertrj/100DaysOfML,https://github.com/lucifertrj/100DaysOfML,95
lisphilar/covid19-sir,https://github.com/lisphilar/covid19-sir,94
hikvision-research/opera,https://github.com/hikvision-research/opera,94
libffcv/ffcv-imagenet,https://github.com/libffcv/ffcv-imagenet,94
NVlabs/DiscoBox,https://github.com/NVlabs/DiscoBox,92
Amshaker/unetr_plus_plus,https://github.com/Amshaker/unetr_plus_plus,91
benedekrozemberczki/tigerlily,https://github.com/benedekrozemberczki/tigerlily,91
SAP/project-kb,https://github.com/SAP/project-kb,90
cerob/slicesim,https://github.com/cerob/slicesim,89
CityU-AIM-Group/SIGMA,https://github.com/CityU-AIM-Group/SIGMA,88
hsouri/BayesianTransferLearning,https://github.com/hsouri/BayesianTransferLearning,88
YxZhxn/Ray3D,https://github.com/YxZhxn/Ray3D,87
YuanGongND/psla,https://github.com/YuanGongND/psla,87
CVI-SZU/CLIMS,https://github.com/CVI-SZU/CLIMS,86
senkin13/kaggle,https://github.com/senkin13/kaggle,84
Fraser-Greenlee/transformer-vae,https://github.com/Fraser-Greenlee/transformer-vae,84
lixiny/ArtiBoost,https://github.com/lixiny/ArtiBoost,83
Aalto-Electric-Drives/motulator,https://github.com/Aalto-Electric-Drives/motulator,82
wenhao-gao/mol_opt,https://github.com/wenhao-gao/mol_opt,81
JiahuiLei/CaDeX,https://github.com/JiahuiLei/CaDeX,81
Azure/FTALive-Sessions,https://github.com/Azure/FTALive-Sessions,80
LuoUndergradXJTU/TwiBot-22,https://github.com/LuoUndergradXJTU/TwiBot-22,80
JudyYe/ihoi,https://github.com/JudyYe/ihoi,80
Lipurple/Grounded-Diffusion,https://github.com/Lipurple/Grounded-Diffusion,79
graphcore/tutorials,https://github.com/graphcore/tutorials,79
ramdrop/autoplace,https://github.com/ramdrop/autoplace,76
facebookresearch/perfect,https://github.com/facebookresearch/perfect,75
Oneflow-Inc/models,https://github.com/Oneflow-Inc/models,75
giandbt/synboost,https://github.com/giandbt/synboost,75
flowersteam/teachDeepRL,https://github.com/flowersteam/teachDeepRL,75
google/paxml,https://github.com/google/paxml,73
UCSC-REAL/negative-label-smoothing,https://github.com/UCSC-REAL/negative-label-smoothing,73
robot-learning-freiburg/CL-SLAM,https://github.com/robot-learning-freiburg/CL-SLAM,73
yhw-yhw/MOVER,https://github.com/yhw-yhw/MOVER,72
chenbinghui1/DSL,https://github.com/chenbinghui1/DSL,72
BMW-InnovationLab/SORDI-AI-Evaluation-GUI,https://github.com/BMW-InnovationLab/SORDI-AI-Evaluation-GUI,71
vita-epfl/s-attack,https://github.com/vita-epfl/s-attack,71
sandialabs/slycat,https://github.com/sandialabs/slycat,71
microsoft/KC,https://github.com/microsoft/KC,70
mlflow/mlp-regression-template,https://github.com/mlflow/mlp-regression-template,70
HabanaAI/Model-References,https://github.com/HabanaAI/Model-References,70
allanbreyes/udacity,https://github.com/allanbreyes/udacity,70
ChenhongyiYang/GPViT,https://github.com/ChenhongyiYang/GPViT,69
CharlesPikachu/YSLAO,https://github.com/CharlesPikachu/YSLAO,69
PeixianChen/DFFT,https://github.com/PeixianChen/DFFT,69
fidelity/seq2pat,https://github.com/fidelity/seq2pat,68
amazon-science/glass-text-spotting,https://github.com/amazon-science/glass-text-spotting,68
dragonlong/equi-pose,https://github.com/dragonlong/equi-pose,67
sungwool/CFA_for_anomaly_localization,https://github.com/sungwool/CFA_for_anomaly_localization,67
awebson/prompt_semantics,https://github.com/awebson/prompt_semantics,67
SherylHYX/pytorch_geometric_signed_directed,https://github.com/SherylHYX/pytorch_geometric_signed_directed,67
onestarYX/summon,https://github.com/onestarYX/summon,66
rajpurkarlab/CheXzero,https://github.com/rajpurkarlab/CheXzero,66
mims-harvard/GraphXAI,https://github.com/mims-harvard/GraphXAI,66
google-research/head2toe,https://github.com/google-research/head2toe,66
dietmarwo/fast-cma-es,https://github.com/dietmarwo/fast-cma-es,65
ika-rwth-aachen/acdc-notebooks,https://github.com/ika-rwth-aachen/acdc-notebooks,65
yumeng5/TopClus,https://github.com/yumeng5/TopClus,65
AppertaFoundation/openeyes,https://github.com/AppertaFoundation/openeyes,64
dichotomies/N3F,https://github.com/dichotomies/N3F,64
aertslab/scenicplus,https://github.com/aertslab/scenicplus,64
microsoft/AdaMix,https://github.com/microsoft/AdaMix,64
deepmind/distribution_shift_framework,https://github.com/deepmind/distribution_shift_framework,64
neelindresh/pymlpipe,https://github.com/neelindresh/pymlpipe,62
ellisvalentiner/credit-card-fraud,https://github.com/ellisvalentiner/credit-card-fraud,62
google/praxis,https://github.com/google/praxis,62
kermitt2/grobid-quantities,https://github.com/kermitt2/grobid-quantities,62
YuanGongND/vocalsound,https://github.com/YuanGongND/vocalsound,62
tub-rip/event_based_optical_flow,https://github.com/tub-rip/event_based_optical_flow,62
HongwenZhang/PyMAF-X,https://github.com/HongwenZhang/PyMAF-X,62
fhaghighi/DiRA,https://github.com/fhaghighi/DiRA,62
LiheYoung/UniMatch,https://github.com/LiheYoung/UniMatch,61
World-of-ML/DL-Simplified,https://github.com/World-of-ML/DL-Simplified,61
microsoft/UniTAB,https://github.com/microsoft/UniTAB,60
harryjo97/GDSS,https://github.com/harryjo97/GDSS,60
thu-coai/PPT,https://github.com/thu-coai/PPT,60
satra/mapalign,https://github.com/satra/mapalign,60
SHI-Labs/StyleNAT,https://github.com/SHI-Labs/StyleNAT,59
mbilos/neural-flows-experiments,https://github.com/mbilos/neural-flows-experiments,59
ChenhongyiYang/PGD,https://github.com/ChenhongyiYang/PGD,59
AdesholaAfolabi/slik_python_package,https://github.com/AdesholaAfolabi/slik_python_package,59
DariusBuhai/FMI-Unibuc,https://github.com/DariusBuhai/FMI-Unibuc,58
IBM-EPBL/IBM-Project-17508-1659672731,https://github.com/IBM-EPBL/IBM-Project-17508-1659672731,58
lich14/CDS,https://github.com/lich14/CDS,58
eliahuhorwitz/3D-ADS,https://github.com/eliahuhorwitz/3D-ADS,58
CVMI-Lab/KDEP,https://github.com/CVMI-Lab/KDEP,58
AminParvaneh/alpha_mix_active_learning,https://github.com/AminParvaneh/alpha_mix_active_learning,57
nicolezattarin/LOB-feature-analysis,https://github.com/nicolezattarin/LOB-feature-analysis,57
NLeSC/litstudy,https://github.com/NLeSC/litstudy,57
seungheondoh/music-text-representation,https://github.com/seungheondoh/music-text-representation,56
EthicalML/fml-security,https://github.com/EthicalML/fml-security,56
AIoT-MLSys-Lab/DeepAA,https://github.com/AIoT-MLSys-Lab/DeepAA,56
blackjax-devs/sampling-book,https://github.com/blackjax-devs/sampling-book,55
XmYx/ainodes-pyside,https://github.com/XmYx/ainodes-pyside,55
282857341/UNet-2022,https://github.com/282857341/UNet-2022,55
zeno-ml/zeno,https://github.com/zeno-ml/zeno,55
Jiahao000/ORL,https://github.com/Jiahao000/ORL,55
geekinglcq/HRec,https://github.com/geekinglcq/HRec,55
MaverickPeter/DiSCO-pytorch,https://github.com/MaverickPeter/DiSCO-pytorch,55
askerlee/craft,https://github.com/askerlee/craft,55
yyliu01/RPL,https://github.com/yyliu01/RPL,54
tcsvn/activity-assistant,https://github.com/tcsvn/activity-assistant,54
KlabCMU/kin-poly,https://github.com/KlabCMU/kin-poly,54
SDXorg/PySD-Cookbook,https://github.com/SDXorg/PySD-Cookbook,54
thepycoder/pushup_lockscreen,https://github.com/thepycoder/pushup_lockscreen,53
flowersteam/TeachMyAgent,https://github.com/flowersteam/TeachMyAgent,53
andreikitaitsev/SymINDy,https://github.com/andreikitaitsev/SymINDy,53
PacktPublishing/Machine-Learning-for-Streaming-Data-with-Python,https://github.com/PacktPublishing/Machine-Learning-for-Streaming-Data-with-Python,53
oreilly-japan/RecommenderSystems,https://github.com/oreilly-japan/RecommenderSystems,53
alenegro81/gpml,https://github.com/alenegro81/gpml,53
janghyuncho/ECM-Loss,https://github.com/janghyuncho/ECM-Loss,52
GewelsJI/DGNet,https://github.com/GewelsJI/DGNet,52
carlosholivan/musicaiz,https://github.com/carlosholivan/musicaiz,52
encounter1997/FP-DETR,https://github.com/encounter1997/FP-DETR,52
Westlake-AI/MogaNet,https://github.com/Westlake-AI/MogaNet,51
OpenMatch/OpenMatch,https://github.com/OpenMatch/OpenMatch,51
PaddlePaddle/PaddleSports,https://github.com/PaddlePaddle/PaddleSports,51
KrishnaswamyLab/ReLSO-Guided-Generative-Protein-Design-using-Regularized-Transformers,https://github.com/KrishnaswamyLab/ReLSO-Guided-Generative-Protein-Design-using-Regularized-Transformers,51
RAIVNLab/MRL,https://github.com/RAIVNLab/MRL,51
nttcslab/msm-mae,https://github.com/nttcslab/msm-mae,51
ahwillia/netrep,https://github.com/ahwillia/netrep,51
LogIntelligence/LogADEmpirical,https://github.com/LogIntelligence/LogADEmpirical,51
fan84sunny/PTGAN,https://github.com/fan84sunny/PTGAN,50
sutdcv/Animal-Kingdom,https://github.com/sutdcv/Animal-Kingdom,50
Enderfga/Enderfga,https://github.com/Enderfga/Enderfga,50
vehicle-lang/vehicle,https://github.com/vehicle-lang/vehicle,50
RadiantResearch/TSAT,https://github.com/RadiantResearch/TSAT,50
CVMI-Lab/SyntheticData,https://github.com/CVMI-Lab/SyntheticData,49
csteinmetz1/automix-toolkit,https://github.com/csteinmetz1/automix-toolkit,49
krishnaik06/bostonhousepricing,https://github.com/krishnaik06/bostonhousepricing,49
lu-group/deeponet-fno,https://github.com/lu-group/deeponet-fno,49
rsinghlab/SCOT,https://github.com/rsinghlab/SCOT,49
pyplati/platipy,https://github.com/pyplati/platipy,48
avnyadav/machine_learning_project,https://github.com/avnyadav/machine_learning_project,48
Ixiaohuihuihui/AO2-DETR,https://github.com/Ixiaohuihuihui/AO2-DETR,48
GoogleCloudPlatform/asl-ml-immersion,https://github.com/GoogleCloudPlatform/asl-ml-immersion,47
yangxue0827/h2rbox-mmrotate,https://github.com/yangxue0827/h2rbox-mmrotate,47
chongminggao/CIRS-codes,https://github.com/chongminggao/CIRS-codes,47
Learning-and-Intelligent-Systems/predicators,https://github.com/Learning-and-Intelligent-Systems/predicators,47
muelea/tuch,https://github.com/muelea/tuch,47
chengtan9907/SimVPv2,https://github.com/chengtan9907/SimVPv2,46
spring-epfl/trickster,https://github.com/spring-epfl/trickster,46
dpleus/mlops,https://github.com/dpleus/mlops,46
dylan-slack/TalkToModel,https://github.com/dylan-slack/TalkToModel,46
ucas-vg/P2BNet,https://github.com/ucas-vg/P2BNet,46
huggingface/optimum-graphcore,https://github.com/huggingface/optimum-graphcore,46
ChristianSch/numerflow,https://github.com/ChristianSch/numerflow,46
bbruceyuan/DeepMatch-Torch,https://github.com/bbruceyuan/DeepMatch-Torch,46
JuliaWolleb/diffusion-anomaly,https://github.com/JuliaWolleb/diffusion-anomaly,45
oneThousand1000/Facial-Structure-Editing-of-Portrait-Images-via-Latent-Space-Classifications,https://github.com/oneThousand1000/Facial-Structure-Editing-of-Portrait-Images-via-Latent-Space-Classifications,45
vlievin/medical-reasoning,https://github.com/vlievin/medical-reasoning,45
gmum/points2nerf,https://github.com/gmum/points2nerf,45
raminmh/liquid-s4,https://github.com/raminmh/liquid-s4,44
GeWu-Lab/MUSIC-AVQA,https://github.com/GeWu-Lab/MUSIC-AVQA,44
islem-esi/DeepMalwareDetector,https://github.com/islem-esi/DeepMalwareDetector,44
EGO4D/audio-visual,https://github.com/EGO4D/audio-visual,44
OpenGVLab/ego4d-eccv2022-solutions,https://github.com/OpenGVLab/ego4d-eccv2022-solutions,43
Championchess/A-Tri-Layer-Plugin-to-Improve-Occluded-Detection,https://github.com/Championchess/A-Tri-Layer-Plugin-to-Improve-Occluded-Detection,43
didymo/OnkoDICOM,https://github.com/didymo/OnkoDICOM,43
SuperSupermoon/MedViLL,https://github.com/SuperSupermoon/MedViLL,43
chaklam-silpasuwanchai/Python-for-Data-Science,https://github.com/chaklam-silpasuwanchai/Python-for-Data-Science,43
vis-nlp/Chart-to-text,https://github.com/vis-nlp/Chart-to-text,43
zhaozhen2333/iFLYTEK2021,https://github.com/zhaozhen2333/iFLYTEK2021,43
asappresearch/slue-toolkit,https://github.com/asappresearch/slue-toolkit,43
smly/kaggle-book-gokui,https://github.com/smly/kaggle-book-gokui,42
StelaBou/StyleMask,https://github.com/StelaBou/StyleMask,42
HPI-Information-Systems/TimeEval-algorithms,https://github.com/HPI-Information-Systems/TimeEval-algorithms,42
zchoi/PKOL,https://github.com/zchoi/PKOL,42
Kaslanarian/PyDyNet,https://github.com/Kaslanarian/PyDyNet,42
flatironinstitute/mountainsort,https://github.com/flatironinstitute/mountainsort,42
carlos-gg/dl4ds,https://github.com/carlos-gg/dl4ds,42
hay/facetool,https://github.com/hay/facetool,41
coinse/sadl,https://github.com/coinse/sadl,41
HazyResearch/fm_data_tasks,https://github.com/HazyResearch/fm_data_tasks,41
IIM-TTIJ/MVA2023SmallObjectDetection4SpottingBirds,https://github.com/IIM-TTIJ/MVA2023SmallObjectDetection4SpottingBirds,40
facebookresearch/ELECTRA-Fewshot-Learning,https://github.com/facebookresearch/ELECTRA-Fewshot-Learning,40
MartinXM/LST,https://github.com/MartinXM/LST,40
Tumppi066/Euro-Truck-Simulator-2-Lane-Assist,https://github.com/Tumppi066/Euro-Truck-Simulator-2-Lane-Assist,40
openvinotoolkit/deep-object-reid,https://github.com/openvinotoolkit/deep-object-reid,40
nv-nguyen/pizza,https://github.com/nv-nguyen/pizza,39
bladesteam/blades,https://github.com/bladesteam/blades,39
WENGSYX/CirBERTa,https://github.com/WENGSYX/CirBERTa,39
MasaAsami/pysynthdid,https://github.com/MasaAsami/pysynthdid,39
soyoung97/Standard_Korean_GEC,https://github.com/soyoung97/Standard_Korean_GEC,38
AshuKulu/HacktoberFest2022,https://github.com/AshuKulu/HacktoberFest2022,38
chi0tzp/ContraCLIP,https://github.com/chi0tzp/ContraCLIP,38
google-research/skai,https://github.com/google-research/skai,38
manhph2211/BKAI-Challenge-Vietnamese-OCR,https://github.com/manhph2211/BKAI-Challenge-Vietnamese-OCR,38
malteos/scincl,https://github.com/malteos/scincl,38
facebookresearch/worldsheet,https://github.com/facebookresearch/worldsheet,38
docuracy/desCartes,https://github.com/docuracy/desCartes,37
oraoto/learn_ml,https://github.com/oraoto/learn_ml,37
THU-KEG/MAVEN-ERE,https://github.com/THU-KEG/MAVEN-ERE,37
nicknochnack/AutoStreamlit,https://github.com/nicknochnack/AutoStreamlit,37
AlexandrovLab/SigProfilerPlotting,https://github.com/AlexandrovLab/SigProfilerPlotting,37
seonghyeonye/Flipped-Learning,https://github.com/seonghyeonye/Flipped-Learning,37
xuarehere/yolo_series_deepsort_pytorch,https://github.com/xuarehere/yolo_series_deepsort_pytorch,37
greenplum-db/plcontainer,https://github.com/greenplum-db/plcontainer,37
LOVE-DOCTOR/MultiTrain,https://github.com/LOVE-DOCTOR/MultiTrain,37
Cogito2012/OpenTAL,https://github.com/Cogito2012/OpenTAL,37
NtaylorOX/Public_Clinical_Prompt,https://github.com/NtaylorOX/Public_Clinical_Prompt,37
zfdong-code/MNet,https://github.com/zfdong-code/MNet,37
eladb3/ORViT,https://github.com/eladb3/ORViT,37
e-bug/iglue,https://github.com/e-bug/iglue,37
HazyResearch/safari,https://github.com/HazyResearch/safari,36
CompML/PRTS,https://github.com/CompML/PRTS,36
Zzh-tju/Rotated-LD,https://github.com/Zzh-tju/Rotated-LD,36
JiahuiLei/Pix2Surf,https://github.com/JiahuiLei/Pix2Surf,36
sapols/Satellite-Telemetry-Anomaly-Detection,https://github.com/sapols/Satellite-Telemetry-Anomaly-Detection,36
sony/nnabla-nas,https://github.com/sony/nnabla-nas,36
thuiar/MIntRec,https://github.com/thuiar/MIntRec,36
ViTAE-Transformer/ViTAE-Transformer-Scene-Text-Detection,https://github.com/ViTAE-Transformer/ViTAE-Transformer-Scene-Text-Detection,36
dsilvavinicius/differential_geometry_in_neural_implicits,https://github.com/dsilvavinicius/differential_geometry_in_neural_implicits,36
DeanHazineh/DFlat,https://github.com/DeanHazineh/DFlat,36
thaihungle/SAM,https://github.com/thaihungle/SAM,36
liuruijin17/CLGo,https://github.com/liuruijin17/CLGo,36
koulakis/h-nne,https://github.com/koulakis/h-nne,36
yash0307/RecallatK_surrogate,https://github.com/yash0307/RecallatK_surrogate,36
jiacheng-ye/ZeroGen,https://github.com/jiacheng-ye/ZeroGen,36
luping-liu/DiffOOD,https://github.com/luping-liu/DiffOOD,35
arangoml/fastgraphml,https://github.com/arangoml/fastgraphml,35
lil-lab/kilogram,https://github.com/lil-lab/kilogram,35
mainlp/CrossRE,https://github.com/mainlp/CrossRE,35
SatelliteVu/SatelliteVu-AWS-Disaster-Response-Hackathon,https://github.com/SatelliteVu/SatelliteVu-AWS-Disaster-Response-Hackathon,35
Cram3r95/mapfe4mp,https://github.com/Cram3r95/mapfe4mp,35
JackHCC/Chinese-Keyphrase-Extraction,https://github.com/JackHCC/Chinese-Keyphrase-Extraction,35
amazon-science/dse,https://github.com/amazon-science/dse,35
Sharath-girish/LilNetX,https://github.com/Sharath-girish/LilNetX,35
supperted825/FairMOT-X,https://github.com/supperted825/FairMOT-X,35
huaxiuyao/C-Mixup,https://github.com/huaxiuyao/C-Mixup,34
PeARSearch/PeARS-orchard,https://github.com/PeARSearch/PeARS-orchard,34
Hi-FT/ERD,https://github.com/Hi-FT/ERD,34
chenyilun95/DSGN2,https://github.com/chenyilun95/DSGN2,34
BoyuanChen/visual-selfmodeling,https://github.com/BoyuanChen/visual-selfmodeling,34
tinkoff-ai/palbert,https://github.com/tinkoff-ai/palbert,33
chuongmep/Awesome-Dynamo,https://github.com/chuongmep/Awesome-Dynamo,33
stanfordnmbl/opencap-core,https://github.com/stanfordnmbl/opencap-core,33
zhangzhengde0225/FINet,https://github.com/zhangzhengde0225/FINet,33
netsharecmu/NetShare,https://github.com/netsharecmu/NetShare,33
ICL-ml4csec/VulBERTa,https://github.com/ICL-ml4csec/VulBERTa,33
caelan/LTAMP,https://github.com/caelan/LTAMP,33
vatsal220/medium_articles,https://github.com/vatsal220/medium_articles,33
hpi-xnor/BNext,https://github.com/hpi-xnor/BNext,32
mueller-franzes/medfusion,https://github.com/mueller-franzes/medfusion,32
IvanaXu/TianChiProj,https://github.com/IvanaXu/TianChiProj,32
Vijay-Yosi/biostack,https://github.com/Vijay-Yosi/biostack,32
flint-xf-fan/Byzantine-Federeated-RL,https://github.com/flint-xf-fan/Byzantine-Federeated-RL,32
facebookresearch/bo_pr,https://github.com/facebookresearch/bo_pr,32
uktrade/data-workspace,https://github.com/uktrade/data-workspace,32
ku21fan/COO-Comic-Onomatopoeia,https://github.com/ku21fan/COO-Comic-Onomatopoeia,32
vita-epfl/bounding-box-prediction,https://github.com/vita-epfl/bounding-box-prediction,32
shahrukhx01/siamese-nn-semantic-text-similarity,https://github.com/shahrukhx01/siamese-nn-semantic-text-similarity,32
tmoer/alphazero_singleplayer,https://github.com/tmoer/alphazero_singleplayer,32
microsoft/arcticseals,https://github.com/microsoft/arcticseals,31
LarsHoldijk/RE-ParameterizedExplainerForGraphNeuralNetworks,https://github.com/LarsHoldijk/RE-ParameterizedExplainerForGraphNeuralNetworks,31
megvii-research/PCB,https://github.com/megvii-research/PCB,31
ChenhongyiYang/PPAL,https://github.com/ChenhongyiYang/PPAL,31
marcellejs/marcelle,https://github.com/marcellejs/marcelle,31
codeslake/RealTime_VDBLR,https://github.com/codeslake/RealTime_VDBLR,31
invisibilitee/invisibilitee,https://github.com/invisibilitee/invisibilitee,31
Hejarshahabi/GeoPatch,https://github.com/Hejarshahabi/GeoPatch,31
jgwak/GSDN,https://github.com/jgwak/GSDN,31
yuanninesuns/AutoHS,https://github.com/yuanninesuns/AutoHS,31
VITA-Group/Audio-Lottery,https://github.com/VITA-Group/Audio-Lottery,31
kniter1/TAILOR,https://github.com/kniter1/TAILOR,31
clegaard/deep_learning_for_dynamical_systems,https://github.com/clegaard/deep_learning_for_dynamical_systems,31
JinyuanSun/DDGScan,https://github.com/JinyuanSun/DDGScan,31
facebookresearch/robust_mobo,https://github.com/facebookresearch/robust_mobo,31
yangalan123/anhp-andtt,https://github.com/yangalan123/anhp-andtt,31
cuiziteng/ECCV_AERIS,https://github.com/cuiziteng/ECCV_AERIS,30
georgian-io/automl_benchmark,https://github.com/georgian-io/automl_benchmark,30
UWNetworksLab/meshinsight,https://github.com/UWNetworksLab/meshinsight,30
lemuria-wchen/DialogVED,https://github.com/lemuria-wchen/DialogVED,30
Recidiviz/pulse-data,https://github.com/Recidiviz/pulse-data,30
lemuria-wchen/imcs21-cblue,https://github.com/lemuria-wchen/imcs21-cblue,30
sangminwoo/Explore-And-Match,https://github.com/sangminwoo/Explore-And-Match,30
greatabel/JsRepository,https://github.com/greatabel/JsRepository,30
albanjoseph/Signapse,https://github.com/albanjoseph/Signapse,30
ohhhyeahhh/PointAttN,https://github.com/ohhhyeahhh/PointAttN,30
epidemics/COVIDNPIs,https://github.com/epidemics/COVIDNPIs,29
splunk/splunk-mltk-container-docker,https://github.com/splunk/splunk-mltk-container-docker,29
sebastianffx/stainlib,https://github.com/sebastianffx/stainlib,29
chanzuckerberg/idseq-workflows,https://github.com/chanzuckerberg/idseq-workflows,29
nliulab/mimic4ed-benchmark,https://github.com/nliulab/mimic4ed-benchmark,29
JialeCao001/PSTR,https://github.com/JialeCao001/PSTR,29
lshowway/KESA,https://github.com/lshowway/KESA,29
MoMentum99/pstage_01_image_classification,https://github.com/MoMentum99/pstage_01_image_classification,29
HazyResearch/mandoline,https://github.com/HazyResearch/mandoline,29
loft-br/realtime_r0_brazil,https://github.com/loft-br/realtime_r0_brazil,28
mako443/Text2Pos-CVPR2022,https://github.com/mako443/Text2Pos-CVPR2022,28
matthias-wright/art-fid,https://github.com/matthias-wright/art-fid,28
Qiming-Huang/ssformer,https://github.com/Qiming-Huang/ssformer,28
boostcampaitech3/final-project-level3-nlp-03,https://github.com/boostcampaitech3/final-project-level3-nlp-03,28
hxq191830060/Collect,https://github.com/hxq191830060/Collect,28
albert-jin/DictionaryFused-E2E-ABSA,https://github.com/albert-jin/DictionaryFused-E2E-ABSA,28
andreamad8/PPCM,https://github.com/andreamad8/PPCM,28
wanggrun/triplet,https://github.com/wanggrun/triplet,28
CASIA-IVA-Lab/PASS-reID,https://github.com/CASIA-IVA-Lab/PASS-reID,28
POSTECH-CVLab/InstaOrder,https://github.com/POSTECH-CVLab/InstaOrder,27
mtang724/NWR-GAE,https://github.com/mtang724/NWR-GAE,27
facebookresearch/text_characterization_toolkit,https://github.com/facebookresearch/text_characterization_toolkit,27
tum-pbs/DMCF,https://github.com/tum-pbs/DMCF,27
DhanushNehru/Python-Scripts,https://github.com/DhanushNehru/Python-Scripts,27
Unstructured-IO/pipeline-sec-filings,https://github.com/Unstructured-IO/pipeline-sec-filings,27
usr922/FST,https://github.com/usr922/FST,27
darrenjkt/SEE-MTDA,https://github.com/darrenjkt/SEE-MTDA,27
HeliosZhao/SHADE,https://github.com/HeliosZhao/SHADE,27
srnas/barnaba,https://github.com/srnas/barnaba,27
bipinKrishnan/ml-recipe-book,https://github.com/bipinKrishnan/ml-recipe-book,27
huggingface/optimum-habana,https://github.com/huggingface/optimum-habana,27
boheumd/ASM-Loc,https://github.com/boheumd/ASM-Loc,27
akhilmathurs/orchestra,https://github.com/akhilmathurs/orchestra,27
WangShaoSUN/grasp-transformer,https://github.com/WangShaoSUN/grasp-transformer,27
Chasel-Tsui/mmdet-aitod,https://github.com/Chasel-Tsui/mmdet-aitod,27
Linaom1214/Infrared-detect-by-segmentation,https://github.com/Linaom1214/Infrared-detect-by-segmentation,27
DeepSoftwareAnalytics/LibDB,https://github.com/DeepSoftwareAnalytics/LibDB,27
piotrkawa/attack-agnostic-dataset,https://github.com/piotrkawa/attack-agnostic-dataset,27
smearle/control-pcgrl,https://github.com/smearle/control-pcgrl,27
reneleogp/ML-Prediction-LoL,https://github.com/reneleogp/ML-Prediction-LoL,27
everydaycodings/Twitter-Sentimental-Analysis-WebApp,https://github.com/everydaycodings/Twitter-Sentimental-Analysis-WebApp,27
tinkoff-ai/eop,https://github.com/tinkoff-ai/eop,26
emlynoregan/newaiexp,https://github.com/emlynoregan/newaiexp,26
ggjy/FastMIM.pytorch,https://github.com/ggjy/FastMIM.pytorch,26
FUZHIYI/TACO,https://github.com/FUZHIYI/TACO,26
shamitlal/CoCoNets,https://github.com/shamitlal/CoCoNets,26
UIC-Liu-Lab/CPT,https://github.com/UIC-Liu-Lab/CPT,26
HDETR/H-Deformable-DETR-mmdet,https://github.com/HDETR/H-Deformable-DETR-mmdet,26
Ujjawal-K-Panchal/coshnet,https://github.com/Ujjawal-K-Panchal/coshnet,26
adobe/obfuscation-detection,https://github.com/adobe/obfuscation-detection,26
ethz-asl/cvae_exploration_planning,https://github.com/ethz-asl/cvae_exploration_planning,26
LukeForeverYoung/QRNet,https://github.com/LukeForeverYoung/QRNet,26
DigitalProductschool/AI-Makerspace,https://github.com/DigitalProductschool/AI-Makerspace,26
AaltoML/spatio-temporal-GPs,https://github.com/AaltoML/spatio-temporal-GPs,26
hzykent/LiDAL,https://github.com/hzykent/LiDAL,25
facebookresearch/video-distant-supervision,https://github.com/facebookresearch/video-distant-supervision,25
jaekyeom/IBOL,https://github.com/jaekyeom/IBOL,25
uf3/uf3,https://github.com/uf3/uf3,25
explainablerecsys/recsys2022,https://github.com/explainablerecsys/recsys2022,25
psunlpgroup/MultiHiertt,https://github.com/psunlpgroup/MultiHiertt,25
FreeRotate/TextClassification,https://github.com/FreeRotate/TextClassification,25
md-mohaiminul/ViS4mer,https://github.com/md-mohaiminul/ViS4mer,25
dsaidgovsg/multimodal-learning-hands-on-tutorial,https://github.com/dsaidgovsg/multimodal-learning-hands-on-tutorial,25
WangHelin1997/MaskSpec,https://github.com/WangHelin1997/MaskSpec,25
thomas9t/spatial-econ-cnn,https://github.com/thomas9t/spatial-econ-cnn,25
Sharpiless/Pix2seq-mmdetection,https://github.com/Sharpiless/Pix2seq-mmdetection,25
rmminusrslash/ml_ops,https://github.com/rmminusrslash/ml_ops,25
NVlabs/DICOD,https://github.com/NVlabs/DICOD,25
zapatacomputing/tutorial-qml,https://github.com/zapatacomputing/tutorial-qml,25
wellcometrust/reach,https://github.com/wellcometrust/reach,25
RuYangNU/Deep-Dic-deep-learning-based-digital-image-correlation,https://github.com/RuYangNU/Deep-Dic-deep-learning-based-digital-image-correlation,25
rexrex9/basic_neural_networks_pytorch,https://github.com/rexrex9/basic_neural_networks_pytorch,25
mne-tools/mne-qt-browser,https://github.com/mne-tools/mne-qt-browser,25
TIBCOSoftware/tci-flogo,https://github.com/TIBCOSoftware/tci-flogo,25
gsingers/search_with_machine_learning_course,https://github.com/gsingers/search_with_machine_learning_course,25
Schots/mlops_project,https://github.com/Schots/mlops_project,25
HSE-LAMBDA/IDAO-2022,https://github.com/HSE-LAMBDA/IDAO-2022,25
msr-fiddle/synergy,https://github.com/msr-fiddle/synergy,24
SilongYong/SQA3D,https://github.com/SilongYong/SQA3D,24
microsoft/INMT-lite,https://github.com/microsoft/INMT-lite,24
nlpub/rdt,https://github.com/nlpub/rdt,24
machine-learning-apps/mlops-dashboard,https://github.com/machine-learning-apps/mlops-dashboard,24
J-Quants/JPXTokyoStockExchangePrediction,https://github.com/J-Quants/JPXTokyoStockExchangePrediction,24
ZRunner/ZBot,https://github.com/ZRunner/ZBot,24
UKPLab/naacl2019-does-my-rebuttal-matter,https://github.com/UKPLab/naacl2019-does-my-rebuttal-matter,24
mengqiDyangge/HierKD,https://github.com/mengqiDyangge/HierKD,24
forta-network/starter-kits,https://github.com/forta-network/starter-kits,24
AKASH2907/pi-consistency-activity-detection,https://github.com/AKASH2907/pi-consistency-activity-detection,24
MainakRepositor/AnyStock,https://github.com/MainakRepositor/AnyStock,24
ovh/ai-training-examples,https://github.com/ovh/ai-training-examples,24
othmbela/dbn-based-nids,https://github.com/othmbela/dbn-based-nids,24
alcides/GeneticEngine,https://github.com/alcides/GeneticEngine,24
cyrusvahidi/jtfs-gpu,https://github.com/cyrusvahidi/jtfs-gpu,24
facebookresearch/Ego-Exo,https://github.com/facebookresearch/Ego-Exo,24
zhenyuw16/noisyboundaries,https://github.com/zhenyuw16/noisyboundaries,24
Blueblue4/Object-Detection-Confidence-Bias,https://github.com/Blueblue4/Object-Detection-Confidence-Bias,24
desh2608/diarizer,https://github.com/desh2608/diarizer,23
experimental-design/bofire,https://github.com/experimental-design/bofire,23
azizilab/starfysh,https://github.com/azizilab/starfysh,23
OSeMOSYS/osemosys_global,https://github.com/OSeMOSYS/osemosys_global,23
thorben-frank/mlff,https://github.com/thorben-frank/mlff,23
mysociety/composite_uk_imd,https://github.com/mysociety/composite_uk_imd,23
greatabel/PythonRepository,https://github.com/greatabel/PythonRepository,23
MukhlasAdib/KITTI_Mapping,https://github.com/MukhlasAdib/KITTI_Mapping,23
microsoft/AutoBrewML,https://github.com/microsoft/AutoBrewML,23
webis-de/summary-workbench,https://github.com/webis-de/summary-workbench,23
MECLabTUDA/FrOoDo,https://github.com/MECLabTUDA/FrOoDo,23
YushanZhu/K3M,https://github.com/YushanZhu/K3M,23
gaojun4ever/SWCC4Event,https://github.com/gaojun4ever/SWCC4Event,23
SungjoonPark/EmotionDetection,https://github.com/SungjoonPark/EmotionDetection,23
shiquanyang/NS-Dial,https://github.com/shiquanyang/NS-Dial,23
aws-samples/aws-do-pm,https://github.com/aws-samples/aws-do-pm,23
gab-ai-inc/defiant-core,https://github.com/gab-ai-inc/defiant-core,23
campusx-official/quora-question-pairs,https://github.com/campusx-official/quora-question-pairs,23
facebookresearch/controllable_agent,https://github.com/facebookresearch/controllable_agent,22
SamsungLabs/Butterfly_Acc,https://github.com/SamsungLabs/Butterfly_Acc,22
IQTLabs/AISonobuoy,https://github.com/IQTLabs/AISonobuoy,22
PerlinWarp/NeuroGloves,https://github.com/PerlinWarp/NeuroGloves,22
uw-mad-dash/shockwave,https://github.com/uw-mad-dash/shockwave,22
allenai/EmbeddingRecycling,https://github.com/allenai/EmbeddingRecycling,22
ekalinicheva/multi_layer_vegetation,https://github.com/ekalinicheva/multi_layer_vegetation,22
dreamento/dreamento,https://github.com/dreamento/dreamento,22
psemdel/py-trading-bot,https://github.com/psemdel/py-trading-bot,22
bigd4/PyNEP,https://github.com/bigd4/PyNEP,22
microsoft/dstoolkit-forecasting,https://github.com/microsoft/dstoolkit-forecasting,22
UCLA-VAST/GNN-DSE,https://github.com/UCLA-VAST/GNN-DSE,22
philschmid/optimum-static-quantization,https://github.com/philschmid/optimum-static-quantization,22
felipemaiapolo/detectshift,https://github.com/felipemaiapolo/detectshift,22
SIAnalytics/siatune,https://github.com/SIAnalytics/siatune,22
WanyuGroup/CVPR2022-OrphicX,https://github.com/WanyuGroup/CVPR2022-OrphicX,22
symanto-research/few-shot-learning-label-tuning,https://github.com/symanto-research/few-shot-learning-label-tuning,22
sd2001/HacktoberFest2020,https://github.com/sd2001/HacktoberFest2020,22
microsoft/segar,https://github.com/microsoft/segar,22
gzwongkk/va-framework,https://github.com/gzwongkk/va-framework,21
HKUNLP/icl-ceil,https://github.com/HKUNLP/icl-ceil,21
bmurauer/pipelinehelper,https://github.com/bmurauer/pipelinehelper,21
inboxpraveen/movie-recommendation-system,https://github.com/inboxpraveen/movie-recommendation-system,21
katiana22/TL-DeepONet,https://github.com/katiana22/TL-DeepONet,21
jy0205/STCAT,https://github.com/jy0205/STCAT,21
lianqing11/MonoJSG,https://github.com/lianqing11/MonoJSG,21
RLBot/RLBotPack,https://github.com/RLBot/RLBotPack,21
Raymo111/voiceprint,https://github.com/Raymo111/voiceprint,21
minerva-ml/steppy-toolkit,https://github.com/minerva-ml/steppy-toolkit,21
manhph2211/MC-OCR,https://github.com/manhph2211/MC-OCR,21
amazon-science/efficient-longdoc-classification,https://github.com/amazon-science/efficient-longdoc-classification,21
ismetkizgin/sentiment-analysis-service,https://github.com/ismetkizgin/sentiment-analysis-service,21
YongLiuLab/R2SN_construction,https://github.com/YongLiuLab/R2SN_construction,21
NeurAI-Lab/CLS-ER,https://github.com/NeurAI-Lab/CLS-ER,21
Polaris000/BlogCode,https://github.com/Polaris000/BlogCode,21
kareem-metwaly/glidenet,https://github.com/kareem-metwaly/glidenet,21
CrayLabs/smartsim-openFOAM,https://github.com/CrayLabs/smartsim-openFOAM,21
kinfey/HandsOnLab,https://github.com/kinfey/HandsOnLab,21
mzaffran/AdaptiveConformalPredictionsTimeSeries,https://github.com/mzaffran/AdaptiveConformalPredictionsTimeSeries,21
CoderHam/PaintingByNumbersIFY,https://github.com/CoderHam/PaintingByNumbersIFY,21
mohyunho/N-CMAPSS_DL,https://github.com/mohyunho/N-CMAPSS_DL,21
wanglun1996/secure-robust-federated-learning,https://github.com/wanglun1996/secure-robust-federated-learning,20
ExplainableML/ACVC,https://github.com/ExplainableML/ACVC,20
OhmGeek/FacialLivenessTests,https://github.com/OhmGeek/FacialLivenessTests,20
KLab/AAAI-23.6040,https://github.com/KLab/AAAI-23.6040,20
MainakRepositor/Vehicle-Insurance,https://github.com/MainakRepositor/Vehicle-Insurance,20
DigitalPhonetics/speaker-anonymization,https://github.com/DigitalPhonetics/speaker-anonymization,20
khawar-islam/FPVT_BMVC22,https://github.com/khawar-islam/FPVT_BMVC22,20
BehnoodRasti/Unmixing_Tutorial_IEEE_IADF,https://github.com/BehnoodRasti/Unmixing_Tutorial_IEEE_IADF,20
FeixiangLu/PaddleSports,https://github.com/FeixiangLu/PaddleSports,20
keti-dp/OpenESS,https://github.com/keti-dp/OpenESS,20
FreeRotate/TextClassificationBERT,https://github.com/FreeRotate/TextClassificationBERT,20
boostcampaitech3/final-project-level3-recsys-14,https://github.com/boostcampaitech3/final-project-level3-recsys-14,20
Di-Chai/FedEval,https://github.com/Di-Chai/FedEval,20
CogNLP/CogKTR,https://github.com/CogNLP/CogKTR,20
GangmingZhao/tb-attribute-weak-localization,https://github.com/GangmingZhao/tb-attribute-weak-localization,20
WHUIR/MGNM,https://github.com/WHUIR/MGNM,20
LiQian-XC/sctour,https://github.com/LiQian-XC/sctour,20
oleksost/latent_CL,https://github.com/oleksost/latent_CL,20
Na-Z/SDCoT,https://github.com/Na-Z/SDCoT,20
Dayan-Guan/USRN,https://github.com/Dayan-Guan/USRN,20
enjoysport2022/ReinforcementLearning_for_stock,https://github.com/enjoysport2022/ReinforcementLearning_for_stock,20
bltlab/paranames,https://github.com/bltlab/paranames,20
cowjen01/repsys,https://github.com/cowjen01/repsys,20
DASH-Lab/KMWPS,https://github.com/DASH-Lab/KMWPS,20
gxhen/LoRa_RFFI,https://github.com/gxhen/LoRa_RFFI,20
RecklessRonan/GloGNN,https://github.com/RecklessRonan/GloGNN,20
khuyentran1401/pretty-print-confusion-matrix,https://github.com/khuyentran1401/pretty-print-confusion-matrix,19
awslabs/neptuneml-toolkit,https://github.com/awslabs/neptuneml-toolkit,19
ragavsachdeva/The-Change-You-Want-to-See,https://github.com/ragavsachdeva/The-Change-You-Want-to-See,19
larslorch/avici,https://github.com/larslorch/avici,19
pfeinsper/NVIDIA,https://github.com/pfeinsper/NVIDIA,19
aiforsec22/IEEEEuroSP23,https://github.com/aiforsec22/IEEEEuroSP23,19
capeprivacy/functions,https://github.com/capeprivacy/functions,19
xLaszlo/CQ4DS-notebook-sklearn-refactoring-exercise,https://github.com/xLaszlo/CQ4DS-notebook-sklearn-refactoring-exercise,19
NREL/alfalfa,https://github.com/NREL/alfalfa,19
ADGEfficiency/forecast,https://github.com/ADGEfficiency/forecast,19
lucasmansilla/ACRN_Chest_X-ray_IA,https://github.com/lucasmansilla/ACRN_Chest_X-ray_IA,19
sim42/SCML,https://github.com/sim42/SCML,19
An-nay-marks/3DVision_2022,https://github.com/An-nay-marks/3DVision_2022,19
850552586/Latent-To-Latent,https://github.com/850552586/Latent-To-Latent,19
alan-turing-institute/privacy-sdg-toolbox,https://github.com/alan-turing-institute/privacy-sdg-toolbox,19
dariomalchiodi/superhero-datascience,https://github.com/dariomalchiodi/superhero-datascience,19
pegasystems/pega-datascientist-tools,https://github.com/pegasystems/pega-datascientist-tools,19
showlab/DemoVLP,https://github.com/showlab/DemoVLP,19
Vucko95/Computer-Science-Notes-Only-Source-Code-,https://github.com/Vucko95/Computer-Science-Notes-Only-Source-Code-,19
huiserwang/ContrastMask,https://github.com/huiserwang/ContrastMask,19
chengzhipanpan/DCSR,https://github.com/chengzhipanpan/DCSR,19
suphero/stock-prediction-ai,https://github.com/suphero/stock-prediction-ai,19
opdai/wsdm2022-xmrec-top1-solution,https://github.com/opdai/wsdm2022-xmrec-top1-solution,19
AIS-Bonn/vp-suite,https://github.com/AIS-Bonn/vp-suite,19
WilliamLwj/PyXAB,https://github.com/WilliamLwj/PyXAB,18
zmykevin/UVLP,https://github.com/zmykevin/UVLP,18
Zzh-tju/ZoneEval,https://github.com/Zzh-tju/ZoneEval,18
tksakaki/kspub_ds_text_analytics,https://github.com/tksakaki/kspub_ds_text_analytics,18
NYCU-MLLab/Disentangled-Mask-Attention-in-Transformers,https://github.com/NYCU-MLLab/Disentangled-Mask-Attention-in-Transformers,18
showlab/CLVQA,https://github.com/showlab/CLVQA,18
chanakya1310/Models-Playground,https://github.com/chanakya1310/Models-Playground,18
danyang-liu/AnchorKG,https://github.com/danyang-liu/AnchorKG,18
milvus-io/pymilvus-orm,https://github.com/milvus-io/pymilvus-orm,18
frozsgy/METU,https://github.com/frozsgy/METU,18
OpInCo-Community/HacktoberWeek,https://github.com/OpInCo-Community/HacktoberWeek,18
Spectrum-CETB/Spectober_Fest,https://github.com/Spectrum-CETB/Spectober_Fest,18
OpenNyAI/Opennyai,https://github.com/OpenNyAI/Opennyai,18
fuying-wang/MGCA,https://github.com/fuying-wang/MGCA,18
Deep-Spark/DeepSparkHub,https://github.com/Deep-Spark/DeepSparkHub,18
zerohd4869/MM-DFN,https://github.com/zerohd4869/MM-DFN,18
manhph2211/ViSTT,https://github.com/manhph2211/ViSTT,18
SonyCSLParis/AutoFX,https://github.com/SonyCSLParis/AutoFX,18
icoxfog417/datascience-template,https://github.com/icoxfog417/datascience-template,18
AntonisCSt/Mlops_project_semicon,https://github.com/AntonisCSt/Mlops_project_semicon,18
clevercool/ANT_Micro22,https://github.com/clevercool/ANT_Micro22,18
krishnaik06/machinelearningproject,https://github.com/krishnaik06/machinelearningproject,18
LouisDesdoigts/dLux,https://github.com/LouisDesdoigts/dLux,18
philschmid/optimum-transformers-optimizations,https://github.com/philschmid/optimum-transformers-optimizations,18
reddy-lab-code-research/XLCoST,https://github.com/reddy-lab-code-research/XLCoST,18
Kaslanarian/PySVM,https://github.com/Kaslanarian/PySVM,18
baigouy/EPySeg,https://github.com/baigouy/EPySeg,18
AwardOfSky/TensorGP,https://github.com/AwardOfSky/TensorGP,18
sisl/InteractionImitation,https://github.com/sisl/InteractionImitation,18
datares/neodgl,https://github.com/datares/neodgl,18
jimmycode/gen-debiased-nli,https://github.com/jimmycode/gen-debiased-nli,18
PopicLab/cue,https://github.com/PopicLab/cue,18
TrAInConnectionPrediction/tcp,https://github.com/TrAInConnectionPrediction/tcp,18
alexander-fischer/browser-bert,https://github.com/alexander-fischer/browser-bert,18
philipdarke/torchtime,https://github.com/philipdarke/torchtime,18
praveena2j/JointCrossAttention-for-AV-Fusion,https://github.com/praveena2j/JointCrossAttention-for-AV-Fusion,18
ASGuard-UCI/ld-metric,https://github.com/ASGuard-UCI/ld-metric,18
martiansideofthemoon/relic-retrieval,https://github.com/martiansideofthemoon/relic-retrieval,18
PoCInnovation/Pool2022,https://github.com/PoCInnovation/Pool2022,18
quixio/quix-library,https://github.com/quixio/quix-library,18
ppashakhanloo/CodeTrek,https://github.com/ppashakhanloo/CodeTrek,18
yhw-yhw/SHOW,https://github.com/yhw-yhw/SHOW,17
jphall663/responsible_xai,https://github.com/jphall663/responsible_xai,17
mattiaspaul/VoxelMorphPlusPlus,https://github.com/mattiaspaul/VoxelMorphPlusPlus,17
google-research/composed_image_retrieval,https://github.com/google-research/composed_image_retrieval,17
deeplearning-wisc/siren,https://github.com/deeplearning-wisc/siren,17
YimianDai/open-deepinfrared,https://github.com/YimianDai/open-deepinfrared,17
mancusolab/susiepca,https://github.com/mancusolab/susiepca,17
RosettaCommons/FvHallucinator,https://github.com/RosettaCommons/FvHallucinator,17
prachijain136/MCQ_Generator,https://github.com/prachijain136/MCQ_Generator,17
eeeds/employees-attrition-mlops,https://github.com/eeeds/employees-attrition-mlops,17
sturlese/numerai_signals_pipeline,https://github.com/sturlese/numerai_signals_pipeline,17
idocx/Atom2Vec,https://github.com/idocx/Atom2Vec,17
yeyupiaoling/SpeechEmotionRecognition-Pytorch,https://github.com/yeyupiaoling/SpeechEmotionRecognition-Pytorch,17
ruizhang-ai/HIRS-Detecting_Arbitrary_Order_Beneficial_Feature_Interactions_for_Recommender_Systems,https://github.com/ruizhang-ai/HIRS-Detecting_Arbitrary_Order_Beneficial_Feature_Interactions_for_Recommender_Systems,17
AIRI-Institute/SEMAi,https://github.com/AIRI-Institute/SEMAi,17
lseventeen/PHTrans,https://github.com/lseventeen/PHTrans,17
d-one/d-one-mlops,https://github.com/d-one/d-one-mlops,17
akarasman/yolo-heatmaps,https://github.com/akarasman/yolo-heatmaps,17
sinanatra/image-tsne,https://github.com/sinanatra/image-tsne,17
RistoranteRist/FastFlow,https://github.com/RistoranteRist/FastFlow,17
keitazoumana/Fastapi-tutorial,https://github.com/keitazoumana/Fastapi-tutorial,17
shahrukhx01/bert-probe,https://github.com/shahrukhx01/bert-probe,17
dime-worldbank/big-data-poverty-estimation,https://github.com/dime-worldbank/big-data-poverty-estimation,16
FlagOpen/FlagEval,https://github.com/FlagOpen/FlagEval,16
damo-cv/UFDN-Reid,https://github.com/damo-cv/UFDN-Reid,16
RoySheffer/im2wav,https://github.com/RoySheffer/im2wav,16
FDlucifer/python-climb-learning-tutorial,https://github.com/FDlucifer/python-climb-learning-tutorial,16
LiJiaBei-7/nrccr,https://github.com/LiJiaBei-7/nrccr,16
allenai/scirepeval,https://github.com/allenai/scirepeval,16
c-liangyu/CSVAL,https://github.com/c-liangyu/CSVAL,16
AI-confused/CCL2022_CGED-8_Top1_project,https://github.com/AI-confused/CCL2022_CGED-8_Top1_project,16
sharmasaravanan/Machine_learning,https://github.com/sharmasaravanan/Machine_learning,16
open-lasso-python/lasso-python,https://github.com/open-lasso-python/lasso-python,16
shangqing-liu/GraphSearchNet,https://github.com/shangqing-liu/GraphSearchNet,16
mihirs16/Project-Darwin,https://github.com/mihirs16/Project-Darwin,16
daochenzha/autoshard,https://github.com/daochenzha/autoshard,16
QuantSysBio/inSPIRE,https://github.com/QuantSysBio/inSPIRE,16
jpata/particleflow,https://github.com/jpata/particleflow,16
yandun72/WBDC_2022_RANK16,https://github.com/yandun72/WBDC_2022_RANK16,16
skelemoa/psumnet,https://github.com/skelemoa/psumnet,16
peerdavid/layerwise-batch-entropy,https://github.com/peerdavid/layerwise-batch-entropy,16
liang3588/MeshMAE,https://github.com/liang3588/MeshMAE,16
dtrizna/quo.vadis,https://github.com/dtrizna/quo.vadis,16
qnbhd/feijoa,https://github.com/qnbhd/feijoa,16
roshanlam/SearchGar,https://github.com/roshanlam/SearchGar,16
megagonlabs/rotom,https://github.com/megagonlabs/rotom,16
HLTCHKUST/KnowExpert,https://github.com/HLTCHKUST/KnowExpert,16
victorbai2/TFpackageText,https://github.com/victorbai2/TFpackageText,16
MahdiFarvardin/MTVital,https://github.com/MahdiFarvardin/MTVital,16
carlossantamarizq/vesselTracker,https://github.com/carlossantamarizq/vesselTracker,16
takumiw/Time-Series-Demand-Forecasting,https://github.com/takumiw/Time-Series-Demand-Forecasting,16
irec-org/irec,https://github.com/irec-org/irec,16
Soptq/LANA-pytorch,https://github.com/Soptq/LANA-pytorch,16
ModelOriented/MAIR,https://github.com/ModelOriented/MAIR,16
hjxwhy/LODM,https://github.com/hjxwhy/LODM,16
Rostlab/EAT,https://github.com/Rostlab/EAT,16
shan515/AI-Based_Crop-Predictor_App,https://github.com/shan515/AI-Based_Crop-Predictor_App,16
BarqueroGerman/BeLFusion,https://github.com/BarqueroGerman/BeLFusion,15
mayorx/PointDETR,https://github.com/mayorx/PointDETR,15
pavel-blinov/RuMedBench,https://github.com/pavel-blinov/RuMedBench,15
kleok/INSAR4SM,https://github.com/kleok/INSAR4SM,15
nhsx/skunkworks-synthetic-data,https://github.com/nhsx/skunkworks-synthetic-data,15
Fangyi-Chen/SQR,https://github.com/Fangyi-Chen/SQR,15
fehmikahraman/CorrLoss,https://github.com/fehmikahraman/CorrLoss,15
KangchengLiu/RM3D,https://github.com/KangchengLiu/RM3D,15
ruiking04/COCA,https://github.com/ruiking04/COCA,15
CHCAA-EDUX/NLP-AU,https://github.com/CHCAA-EDUX/NLP-AU,15
mldsqc/alicerun,https://github.com/mldsqc/alicerun,15
mcontisc/Hypergraph-MT,https://github.com/mcontisc/Hypergraph-MT,15
pablo14/funpymodeling,https://github.com/pablo14/funpymodeling,15
elehman16/discq,https://github.com/elehman16/discq,15
lancopku/MUKI,https://github.com/lancopku/MUKI,15
cooelf/CompassMTL,https://github.com/cooelf/CompassMTL,15
zhongyy/OPOM,https://github.com/zhongyy/OPOM,15
seroteunine/Spotifast,https://github.com/seroteunine/Spotifast,15
WangsyGit/StepwiseQA,https://github.com/WangsyGit/StepwiseQA,15
dmksjfl/MCQ,https://github.com/dmksjfl/MCQ,15
aws-samples/anomaly-detection-spatial-temporal-data-workshop,https://github.com/aws-samples/anomaly-detection-spatial-temporal-data-workshop,15
ahmadlaiq/wildvsnowild,https://github.com/ahmadlaiq/wildvsnowild,15
timbroed/HRFuser,https://github.com/timbroed/HRFuser,15
Diptonil/eudaimonia-api,https://github.com/Diptonil/eudaimonia-api,15
svip-lab/SVIP-Sequence-VerIfication-for-Procedures-in-Videos,https://github.com/svip-lab/SVIP-Sequence-VerIfication-for-Procedures-in-Videos,15
YujieLu10/IACE-NLU,https://github.com/YujieLu10/IACE-NLU,15
MIRALab-USTC/RL-CMBAC,https://github.com/MIRALab-USTC/RL-CMBAC,15
BaeHeeSun/NPC,https://github.com/BaeHeeSun/NPC,15
wandb/client-ng,https://github.com/wandb/client-ng,15
linxinloningg/Stockquant,https://github.com/linxinloningg/Stockquant,15
drkostas/3D-Semantic-Segmentation,https://github.com/drkostas/3D-Semantic-Segmentation,15
zubrailx/university-itmo,https://github.com/zubrailx/university-itmo,15
ZurichNLP/nmtscore,https://github.com/ZurichNLP/nmtscore,15
DeepAlchemy/DCIC22_SAR_ship_detection,https://github.com/DeepAlchemy/DCIC22_SAR_ship_detection,15
zhengye1995/DCIC22-SAR-ship-detection,https://github.com/zhengye1995/DCIC22-SAR-ship-detection,15
Shavakchauhan/Resume_parser_using_deep_learning,https://github.com/Shavakchauhan/Resume_parser_using_deep_learning,15
heyakshayhere/Hamoye_capstone_project_smote,https://github.com/heyakshayhere/Hamoye_capstone_project_smote,15
google-research/runtime-error-prediction,https://github.com/google-research/runtime-error-prediction,15
YakshHaranwala/PTRAIL,https://github.com/YakshHaranwala/PTRAIL,15
cdfmlr/murecom-intro,https://github.com/cdfmlr/murecom-intro,15
a1k12/moleculetda,https://github.com/a1k12/moleculetda,15
facebookresearch/grounding-inductive-biases,https://github.com/facebookresearch/grounding-inductive-biases,15
Onepredict/onebone,https://github.com/Onepredict/onebone,15
TencentAILabHealthcare/Few-shot-WSI,https://github.com/TencentAILabHealthcare/Few-shot-WSI,15
jaem-seo/KSTAR_tokamak_simulator,https://github.com/jaem-seo/KSTAR_tokamak_simulator,15
ziqi-zhang/ReMoS_artifact,https://github.com/ziqi-zhang/ReMoS_artifact,14
sacdallago/biotrainer,https://github.com/sacdallago/biotrainer,14
dpopadic/arpmRes,https://github.com/dpopadic/arpmRes,14
lancopku/clip-openness,https://github.com/lancopku/clip-openness,14
tgisaturday/BITTERS,https://github.com/tgisaturday/BITTERS,14
MediaBrain-SJTU/BE-SSL,https://github.com/MediaBrain-SJTU/BE-SSL,14
osamhack2022-v2/WEB_CLOUD_OmilZomil_NAVYeffect,https://github.com/osamhack2022-v2/WEB_CLOUD_OmilZomil_NAVYeffect,14
ml-jku/subgd,https://github.com/ml-jku/subgd,14
joeljang/negated-prompts-for-llms,https://github.com/joeljang/negated-prompts-for-llms,14
kinit-sk/yaudit-recsys-2021,https://github.com/kinit-sk/yaudit-recsys-2021,14
namwkim/storyexplorer,https://github.com/namwkim/storyexplorer,14
allenai/open-mds,https://github.com/allenai/open-mds,14
shoaibahmed/metadata_archaeology,https://github.com/shoaibahmed/metadata_archaeology,14
Johnathan-Xie/ZSD-YOLO,https://github.com/Johnathan-Xie/ZSD-YOLO,14
dbolya/parc,https://github.com/dbolya/parc,14
Gavince/MTL,https://github.com/Gavince/MTL,14
echoanran/On-Mitigating-Hard-Clusters,https://github.com/echoanran/On-Mitigating-Hard-Clusters,14
krenerd/awesome-modular-pytorch-lightning,https://github.com/krenerd/awesome-modular-pytorch-lightning,14
panmt/Iso-Dream,https://github.com/panmt/Iso-Dream,14
BierOne/Attention-Faithfulness,https://github.com/BierOne/Attention-Faithfulness,14
humanlab/HaRT,https://github.com/humanlab/HaRT,14
StefanHeng/Symbolic-Music-Generation,https://github.com/StefanHeng/Symbolic-Music-Generation,14
ruyiluo/ryluo_notes,https://github.com/ruyiluo/ryluo_notes,14
cwallaceh/sklearn_fastapi_docker,https://github.com/cwallaceh/sklearn_fastapi_docker,14
AstraZeneca/kgem-in-drug-discovery,https://github.com/AstraZeneca/kgem-in-drug-discovery,14
frankligy/SNAF,https://github.com/frankligy/SNAF,14
Hapyr/trans-cat,https://github.com/Hapyr/trans-cat,14
NeuromorphicComputationResearchProgram/Learning-with-Holographic-Reduced-Representations,https://github.com/NeuromorphicComputationResearchProgram/Learning-with-Holographic-Reduced-Representations,14
babbu3682/SMART-Net,https://github.com/babbu3682/SMART-Net,14
javierdemartin/neural-bikes,https://github.com/javierdemartin/neural-bikes,14
mingliangzhang2018/PGDP,https://github.com/mingliangzhang2018/PGDP,14
uvarc/rivanna-docker,https://github.com/uvarc/rivanna-docker,14
PetroFit/petrofit,https://github.com/PetroFit/petrofit,14
albertwy/SWRM,https://github.com/albertwy/SWRM,14
apoorvdwi/Ds-Algo-HacktoberFest,https://github.com/apoorvdwi/Ds-Algo-HacktoberFest,14
kangmyoungseok/RugPull-Prediction-AI,https://github.com/kangmyoungseok/RugPull-Prediction-AI,14
CVIR/CoMix,https://github.com/CVIR/CoMix,14
osslab-pku/gfi-bot,https://github.com/osslab-pku/gfi-bot,14
GWeindel/hsmm_mvpy,https://github.com/GWeindel/hsmm_mvpy,13
JdeRobot/RL-Studio,https://github.com/JdeRobot/RL-Studio,13
gilikn/FakeOut,https://github.com/gilikn/FakeOut,13
mateoespinosa/cem,https://github.com/mateoespinosa/cem,13
sjg02122/MonoFormer,https://github.com/sjg02122/MonoFormer,13
Abbey4799/PLMs-Interpret-Simile,https://github.com/Abbey4799/PLMs-Interpret-Simile,13
Artisense-ai/libartipy,https://github.com/Artisense-ai/libartipy,13
linfeng93/Large-UniDet,https://github.com/linfeng93/Large-UniDet,13
intel/stacks-usecase,https://github.com/intel/stacks-usecase,13
kamerlinlab/KIF,https://github.com/kamerlinlab/KIF,13
HazyResearch/thanos-code,https://github.com/HazyResearch/thanos-code,13
rebryk/sahara,https://github.com/rebryk/sahara,13
facebookresearch/CMR,https://github.com/facebookresearch/CMR,13
Beomi/easy-lm-trainer,https://github.com/Beomi/easy-lm-trainer,13
uark-cviu/DirecFormer,https://github.com/uark-cviu/DirecFormer,13
FSOD/CD-FSOD,https://github.com/FSOD/CD-FSOD,13
fiveai/hardest,https://github.com/fiveai/hardest,13
radxtools/collageradiomics,https://github.com/radxtools/collageradiomics,13
NHR3-UCLA/ngmm_tools,https://github.com/NHR3-UCLA/ngmm_tools,13
play-with-HOI-generation/HOIG,https://github.com/play-with-HOI-generation/HOIG,13
MinJunKang/DualPixelFace,https://github.com/MinJunKang/DualPixelFace,13
HDETR/H-PETR-Pose,https://github.com/HDETR/H-PETR-Pose,13
Dar-rius/Wolof_IA,https://github.com/Dar-rius/Wolof_IA,13
MicrosoftLearning/mslearn-mlops,https://github.com/MicrosoftLearning/mslearn-mlops,13
fmthoker/SEVERE-BENCHMARK,https://github.com/fmthoker/SEVERE-BENCHMARK,13
jeanCarloMachado/PythonSearch,https://github.com/jeanCarloMachado/PythonSearch,13
fengbingchun/PyTorch_Test,https://github.com/fengbingchun/PyTorch_Test,13
akamai/js_api,https://github.com/akamai/js_api,13
kdhht2334/AVCE_FER,https://github.com/kdhht2334/AVCE_FER,13
ChatterjeeAyan/AI-Bind,https://github.com/ChatterjeeAyan/AI-Bind,13
Chenastron/MTUNet,https://github.com/Chenastron/MTUNet,13
ianfab/chess-variant-stats,https://github.com/ianfab/chess-variant-stats,13
lemuria-wchen/imcs21,https://github.com/lemuria-wchen/imcs21,13
stratosphereips/AIP-Blacklist-Algorithm,https://github.com/stratosphereips/AIP-Blacklist-Algorithm,13
ksm26/OccupancyGrid-Predictions,https://github.com/ksm26/OccupancyGrid-Predictions,13
RanaMostafaAbdElMohsen/Traffic_Sign_Recognition,https://github.com/RanaMostafaAbdElMohsen/Traffic_Sign_Recognition,13
nec-research/KGEval,https://github.com/nec-research/KGEval,13
ediziks/EPITA-DSA-Notes,https://github.com/ediziks/EPITA-DSA-Notes,13
WLHSDXN/Project2,https://github.com/WLHSDXN/Project2,13
facebookresearch/quip,https://github.com/facebookresearch/quip,13
boschresearch/what-matters-for-meta-learning,https://github.com/boschresearch/what-matters-for-meta-learning,13
SC-SGS/PLSSVM,https://github.com/SC-SGS/PLSSVM,13
Sagar-modelling/ML_Live_Class,https://github.com/Sagar-modelling/ML_Live_Class,13
neuronets/trained-models,https://github.com/neuronets/trained-models,13
gsarti/ik-nlp-tutorials,https://github.com/gsarti/ik-nlp-tutorials,13
kili-technology/automl,https://github.com/kili-technology/automl,13
RL4M/MRM-pytorch,https://github.com/RL4M/MRM-pytorch,12
abhinavkashyap/domadapter,https://github.com/abhinavkashyap/domadapter,12
lejafar/FactRank,https://github.com/lejafar/FactRank,12
ashkamath/TRICD,https://github.com/ashkamath/TRICD,12
PoCInnovation/Pool2023,https://github.com/PoCInnovation/Pool2023,12
NLP-Discourse-SoochowU/GAN_DP,https://github.com/NLP-Discourse-SoochowU/GAN_DP,12
alexisthual/fugw,https://github.com/alexisthual/fugw,12
Jin-Ying/GTA-Seg,https://github.com/Jin-Ying/GTA-Seg,12
OpenGeoVis/PVGeo-Examples,https://github.com/OpenGeoVis/PVGeo-Examples,12
sheng-eatamath/PromptCAL,https://github.com/sheng-eatamath/PromptCAL,12
thecaffeinedev/100DaysOfMLCode,https://github.com/thecaffeinedev/100DaysOfMLCode,12
cshen6/GraphEmd,https://github.com/cshen6/GraphEmd,12
biendata-com/sohu2021-baseline,https://github.com/biendata-com/sohu2021-baseline,12
clementchadebec/Data_Augmentation_with_VAE-DALI,https://github.com/clementchadebec/Data_Augmentation_with_VAE-DALI,12
google-research/active-adversarial-tests,https://github.com/google-research/active-adversarial-tests,12
Azure/fta-azure-machine-learning,https://github.com/Azure/fta-azure-machine-learning,12
Sid2697/EgoProceL-egocentric-procedure-learning,https://github.com/Sid2697/EgoProceL-egocentric-procedure-learning,12
yuetan031/FedStar,https://github.com/yuetan031/FedStar,12
HKUST-KnowComp/FolkScope,https://github.com/HKUST-KnowComp/FolkScope,12
StelaBou/stylegan_directions_face_reenactment,https://github.com/StelaBou/stylegan_directions_face_reenactment,12
SARTHAK2511/Data-Science-Projects,https://github.com/SARTHAK2511/Data-Science-Projects,12
CGuangyan-BIT/DIT,https://github.com/CGuangyan-BIT/DIT,12
liruiw/Dec-SSL,https://github.com/liruiw/Dec-SSL,12
AuthEceSoftEng/emb-ntua-workshop,https://github.com/AuthEceSoftEng/emb-ntua-workshop,12
iRNA-COSI/APAeval,https://github.com/iRNA-COSI/APAeval,12
SametOzenc/vbo_final_streamlit,https://github.com/SametOzenc/vbo_final_streamlit,12
josiahls/fastrl,https://github.com/josiahls/fastrl,12
lassl/kolmev,https://github.com/lassl/kolmev,12
MRSRL/unsupGAN-release,https://github.com/MRSRL/unsupGAN-release,12
Kaslanarian/SAGOD,https://github.com/Kaslanarian/SAGOD,12
Lightning-Universe/Training-Studio_app,https://github.com/Lightning-Universe/Training-Studio_app,12
arayabrain/space-engineers-ai-spaceship-generator,https://github.com/arayabrain/space-engineers-ai-spaceship-generator,12
microsoft/azure-quantum-tgp,https://github.com/microsoft/azure-quantum-tgp,12
canbaoburen/CoDT,https://github.com/canbaoburen/CoDT,12
Tiiiger/templm,https://github.com/Tiiiger/templm,12
liartem/mlops-zoomcamp,https://github.com/liartem/mlops-zoomcamp,12
WuShuang1998/MFDC,https://github.com/WuShuang1998/MFDC,12
chrisruis/MutTui,https://github.com/chrisruis/MutTui,12
daniel-bogdoll/unknown_objects_roads,https://github.com/daniel-bogdoll/unknown_objects_roads,12
LeBenchmark/NeurIPS2021,https://github.com/LeBenchmark/NeurIPS2021,12
siddharthverma314/chai-naacl-2022,https://github.com/siddharthverma314/chai-naacl-2022,12
UKPLab/adaptable-adapters,https://github.com/UKPLab/adaptable-adapters,12
CENG501-Projects/CENG501-Spring2022,https://github.com/CENG501-Projects/CENG501-Spring2022,12
TencentAILabHealthcare/ReMix,https://github.com/TencentAILabHealthcare/ReMix,12
AndPotap/halfpres_gps,https://github.com/AndPotap/halfpres_gps,12
KotomiM/MolVAE,https://github.com/KotomiM/MolVAE,12
Harmonic-Oscillator-hyBrid-fIT/HOBIT,https://github.com/Harmonic-Oscillator-hyBrid-fIT/HOBIT,12
dhmit/paris_1970,https://github.com/dhmit/paris_1970,12
ZZR0/ISSTA22-CodeStudy,https://github.com/ZZR0/ISSTA22-CodeStudy,12
xinchenzju/CV-competition-arsenal,https://github.com/xinchenzju/CV-competition-arsenal,12
Pseudo-Lab/nlp_open_cookbook,https://github.com/Pseudo-Lab/nlp_open_cookbook,12
bushuhui/machinelearning_notebook,https://github.com/bushuhui/machinelearning_notebook,12
nemonameless/PaddleDetection_YOLOv5,https://github.com/nemonameless/PaddleDetection_YOLOv5,12
AprilYuge/ResPAN,https://github.com/AprilYuge/ResPAN,12
amazon-science/label-aware-pretrain,https://github.com/amazon-science/label-aware-pretrain,12
mawicks/deep-volatility-models,https://github.com/mawicks/deep-volatility-models,12
cmdjulian/mopy,https://github.com/cmdjulian/mopy,12
shtoneyan/gopher,https://github.com/shtoneyan/gopher,12
zhengye1995/DCIC22-Cow,https://github.com/zhengye1995/DCIC22-Cow,12
swapUniba/ClayRS,https://github.com/swapUniba/ClayRS,12
flippedcoder/mlops-demo,https://github.com/flippedcoder/mlops-demo,12
EdoardoGruppi/Drug_Design_Models,https://github.com/EdoardoGruppi/Drug_Design_Models,12
yapkhaichuen/LTSM-Stock-Predictor,https://github.com/yapkhaichuen/LTSM-Stock-Predictor,12
RickZack/FedSeq,https://github.com/RickZack/FedSeq,12
Raijeku/qmeans,https://github.com/Raijeku/qmeans,12
HewlettPackard/cmf,https://github.com/HewlettPackard/cmf,12
Aglinskas/pub-CVAE-MRI-ASD,https://github.com/Aglinskas/pub-CVAE-MRI-ASD,12
jjzha/cal,https://github.com/jjzha/cal,12
AIRI-Institute/Probing_framework,https://github.com/AIRI-Institute/Probing_framework,12
cmu-lib/campi,https://github.com/cmu-lib/campi,12
Totilarson/CorePy,https://github.com/Totilarson/CorePy,12
bgoonz/DS-ALGO-OFFICIAL,https://github.com/bgoonz/DS-ALGO-OFFICIAL,12
bgoonz/python-scripts,https://github.com/bgoonz/python-scripts,12
Udopia/gbd,https://github.com/Udopia/gbd,12
sweetener08/Spectral-Spatial-FPN,https://github.com/sweetener08/Spectral-Spatial-FPN,11
HySonLab/ViDeBERTa,https://github.com/HySonLab/ViDeBERTa,11
Leezekun/dialogic,https://github.com/Leezekun/dialogic,11
ai4eu/tutorials,https://github.com/ai4eu/tutorials,11
AarohiSingla/Plant-Disease-Detection-Using-Mask-R-CNN,https://github.com/AarohiSingla/Plant-Disease-Detection-Using-Mask-R-CNN,11
BorgwardtLab/ggme,https://github.com/BorgwardtLab/ggme,11
datirium/workflows,https://github.com/datirium/workflows,11
prs-eth/FILM-Ensemble,https://github.com/prs-eth/FILM-Ensemble,11
mlcommons/inference_results_v2.1,https://github.com/mlcommons/inference_results_v2.1,11
MCG-NKU/ExperiCV,https://github.com/MCG-NKU/ExperiCV,11
Timm877/BCI_Project,https://github.com/Timm877/BCI_Project,11
fusion-ml/trajectory-information-rl,https://github.com/fusion-ml/trajectory-information-rl,11
naver-airush/airush2021_source-code,https://github.com/naver-airush/airush2021_source-code,11
AlexIoannides/data-science-and-ml-notebook,https://github.com/AlexIoannides/data-science-and-ml-notebook,11
wtangdev/UniRel,https://github.com/wtangdev/UniRel,11
PKU-DAIR/DBTune,https://github.com/PKU-DAIR/DBTune,11
aiskunks/Skunks_Skool,https://github.com/aiskunks/Skunks_Skool,11
avast/wanna-ml,https://github.com/avast/wanna-ml,11
piotrkawa/audio-deepfake-adversarial-attacks,https://github.com/piotrkawa/audio-deepfake-adversarial-attacks,11
microsoft/Lightweight-Low-Resource-NMT,https://github.com/microsoft/Lightweight-Low-Resource-NMT,11
DAMO-DI-ML/KDD2022-Quatformer,https://github.com/DAMO-DI-ML/KDD2022-Quatformer,11
didi/DAIBench,https://github.com/didi/DAIBench,11
yunqing-me/AdAM,https://github.com/yunqing-me/AdAM,11
smart-stats/ds4bio_book,https://github.com/smart-stats/ds4bio_book,11
ShishuaiHu/DCAC,https://github.com/ShishuaiHu/DCAC,11
DongChen06/DMWeeds,https://github.com/DongChen06/DMWeeds,11
CERN-IT-INNOVATION/QuASK,https://github.com/CERN-IT-INNOVATION/QuASK,11
Jathurshan0330/Cross-Modal-Transformer,https://github.com/Jathurshan0330/Cross-Modal-Transformer,11
xashely/GRETEL_extractive,https://github.com/xashely/GRETEL_extractive,11
AlexMontgomerie/fpgaconvnet-model,https://github.com/AlexMontgomerie/fpgaconvnet-model,11
yuan-yin/CoDA,https://github.com/yuan-yin/CoDA,11
tharhtetsan/zero_2_hero_ml,https://github.com/tharhtetsan/zero_2_hero_ml,11
levan92/occlusion-copy-paste,https://github.com/levan92/occlusion-copy-paste,11
Duguce/ToolKit,https://github.com/Duguce/ToolKit,11
lu-group/multifidelity-deeponet,https://github.com/lu-group/multifidelity-deeponet,11
slothfulxtx/TransLoc3D,https://github.com/slothfulxtx/TransLoc3D,11
kylegallatin/components-of-an-ml-system,https://github.com/kylegallatin/components-of-an-ml-system,11
SchornacklabSLCU/amfinder,https://github.com/SchornacklabSLCU/amfinder,11
reflexer-labs/geb-data-science,https://github.com/reflexer-labs/geb-data-science,11
BorgwardtLab/proteinshake,https://github.com/BorgwardtLab/proteinshake,11
Jiawei-Yang/ReMix,https://github.com/Jiawei-Yang/ReMix,11
tune-the-model/tune-the-model-py,https://github.com/tune-the-model/tune-the-model-py,11
Kaiseem/DAR-UNet,https://github.com/Kaiseem/DAR-UNet,11
WinstonHuTiger/2D_VAE_UDA_for_3D_sythesis,https://github.com/WinstonHuTiger/2D_VAE_UDA_for_3D_sythesis,11
uzunb/house-prices-prediction-LGBM,https://github.com/uzunb/house-prices-prediction-LGBM,11
IMMM-SFA/tell,https://github.com/IMMM-SFA/tell,11
iduprojects/CityGeoTools,https://github.com/iduprojects/CityGeoTools,11
ventolab/HGDA,https://github.com/ventolab/HGDA,11
ARBML/qawafi,https://github.com/ARBML/qawafi,11
hyrise/rl_index_selection,https://github.com/hyrise/rl_index_selection,11
tdsc2022-artifact/artifact,https://github.com/tdsc2022-artifact/artifact,11
djdhar/Handwritten-and-Printed-Text-Classification-in-Doctors-Prescription,https://github.com/djdhar/Handwritten-and-Printed-Text-Classification-in-Doctors-Prescription,11
salesforce/fewshot_absa,https://github.com/salesforce/fewshot_absa,11
sparkfish/shabby-pages,https://github.com/sparkfish/shabby-pages,11
Ascend/ModelZoo-PyTorch,https://github.com/Ascend/ModelZoo-PyTorch,11
ultranity/Anomaly.Paddle,https://github.com/ultranity/Anomaly.Paddle,11
UVA-DSA/EMS-Pipeline,https://github.com/UVA-DSA/EMS-Pipeline,11
royukira/AIC22_Track1_MTMC_ID10,https://github.com/royukira/AIC22_Track1_MTMC_ID10,11
xiaoyou-bilibili/anime_recognize,https://github.com/xiaoyou-bilibili/anime_recognize,11
axeber01/point-tnt,https://github.com/axeber01/point-tnt,11
jamesdolezal/biscuit,https://github.com/jamesdolezal/biscuit,11
kwchurch/gft,https://github.com/kwchurch/gft,11
SpikeLab-CL/cpadapter,https://github.com/SpikeLab-CL/cpadapter,11
VectorInstitute/PETs-Bootcamp,https://github.com/VectorInstitute/PETs-Bootcamp,11
dojeon-ai/DraftRec,https://github.com/dojeon-ai/DraftRec,11
krishnabits001/pseudo_label_contrastive_training,https://github.com/krishnabits001/pseudo_label_contrastive_training,11
OmdenaAI/omdena-bangladesh-roadsafety,https://github.com/OmdenaAI/omdena-bangladesh-roadsafety,11
Yibing-Du/adversarial-factcheck,https://github.com/Yibing-Du/adversarial-factcheck,11
hadrienj/odsc_training,https://github.com/hadrienj/odsc_training,11
cmwetherell/cmwetherell.github.io,https://github.com/cmwetherell/cmwetherell.github.io,11
OpenGeoVis/GeothermalDesignChallenge,https://github.com/OpenGeoVis/GeothermalDesignChallenge,11
google/consent-based-conversion-adjustments,https://github.com/google/consent-based-conversion-adjustments,11
deep-spin/sparse-communication,https://github.com/deep-spin/sparse-communication,11
hackerxiaobai/fyb-withdrawal-crime-amount,https://github.com/hackerxiaobai/fyb-withdrawal-crime-amount,11
AlirezaKiaeipour/DeepLearning,https://github.com/AlirezaKiaeipour/DeepLearning,11
AstraZeneca/biomedical-kg-topological-imbalance,https://github.com/AstraZeneca/biomedical-kg-topological-imbalance,11
Guardianzc/DISCOpen-MedBox-DialoDiagnosis,https://github.com/Guardianzc/DISCOpen-MedBox-DialoDiagnosis,11
KaiiZhang/MFA,https://github.com/KaiiZhang/MFA,11
asmadotgh/dissect,https://github.com/asmadotgh/dissect,11
yangjianxin1/Shopee-Price-Match-Guarantee,https://github.com/yangjianxin1/Shopee-Price-Match-Guarantee,11
szczurek-lab/hydramp,https://github.com/szczurek-lab/hydramp,11
tensorlayer/Paddle2TLX,https://github.com/tensorlayer/Paddle2TLX,10
ishwarvenugopal/GCN-ProcessPrediction,https://github.com/ishwarvenugopal/GCN-ProcessPrediction,10
med-air/imFedSemi,https://github.com/med-air/imFedSemi,10
The-Mitra-Lab/pycallingcards,https://github.com/The-Mitra-Lab/pycallingcards,10
ryienh/graph-dock,https://github.com/ryienh/graph-dock,10
mcomunita/hifi-wavegan-footsteps,https://github.com/mcomunita/hifi-wavegan-footsteps,10
TzviLederer/silent-killer,https://github.com/TzviLederer/silent-killer,10
jeha-dblab/EDA_Framework,https://github.com/jeha-dblab/EDA_Framework,10
LiewFeng/imTED,https://github.com/LiewFeng/imTED,10
roym899/sdfest,https://github.com/roym899/sdfest,10
dataforgoodfr/quotaclimat,https://github.com/dataforgoodfr/quotaclimat,10
SAP-archive/teched2020-INT260,https://github.com/SAP-archive/teched2020-INT260,10
ruc-datalab/PASTA,https://github.com/ruc-datalab/PASTA,10
KNSI-Golem/BootcampGeneral,https://github.com/KNSI-Golem/BootcampGeneral,10
jerpint/bigearthnet,https://github.com/jerpint/bigearthnet,10
hans66hsu/GATS,https://github.com/hans66hsu/GATS,10
curvefi/curve-gas-estimates,https://github.com/curvefi/curve-gas-estimates,10
dineshkumares/info_extraction_receipts,https://github.com/dineshkumares/info_extraction_receipts,10
darrenjkt/SEE-VCN,https://github.com/darrenjkt/SEE-VCN,10
poloniki/quint,https://github.com/poloniki/quint,10
lastmeta/Satori,https://github.com/lastmeta/Satori,10
GazzolaLab/MiV-OS,https://github.com/GazzolaLab/MiV-OS,10
AdalbertoCq/Histomorphological-Phenotype-Learning,https://github.com/AdalbertoCq/Histomorphological-Phenotype-Learning,10
muradmuzaffar/django-ML,https://github.com/muradmuzaffar/django-ML,10
saist1993/fairgrad,https://github.com/saist1993/fairgrad,10
prathikshetty2002/Dripy,https://github.com/prathikshetty2002/Dripy,10
cslab-hub/multiSyncPy,https://github.com/cslab-hub/multiSyncPy,10
Param302/Heart-Disease-predictor,https://github.com/Param302/Heart-Disease-predictor,10
HeLongHuang/SHGNN,https://github.com/HeLongHuang/SHGNN,10
VITA-Group/TurbNet,https://github.com/VITA-Group/TurbNet,10
dataignitelab/iot_ai_model,https://github.com/dataignitelab/iot_ai_model,10
BorgwardtLab/MotiFiesta,https://github.com/BorgwardtLab/MotiFiesta,10
MannLabs/alphapeptstats,https://github.com/MannLabs/alphapeptstats,10
houseofgeeks/hg_store,https://github.com/houseofgeeks/hg_store,10
Westlake-AI/OpenBioSeq,https://github.com/Westlake-AI/OpenBioSeq,10
vietstacker/Viettel-Digital-Talent-Program-2022,https://github.com/vietstacker/Viettel-Digital-Talent-Program-2022,10
RageTrade/80-20-risk-analysis,https://github.com/RageTrade/80-20-risk-analysis,10
JamesdominicR/Diagnosis-app,https://github.com/JamesdominicR/Diagnosis-app,10
rockyy97/OTFPF,https://github.com/rockyy97/OTFPF,10
neuralmind-ai/information-extraction-t5,https://github.com/neuralmind-ai/information-extraction-t5,10
fmicompbio/adv_singlecell_2022,https://github.com/fmicompbio/adv_singlecell_2022,10
SALT-NLP/mic,https://github.com/SALT-NLP/mic,10
digitraceslab/niimpy,https://github.com/digitraceslab/niimpy,10
Volkov-da/curie_calculator,https://github.com/Volkov-da/curie_calculator,10
appliedAI-Initiative/pyDVL,https://github.com/appliedAI-Initiative/pyDVL,10
andersonsam/cnn_lstm_era,https://github.com/andersonsam/cnn_lstm_era,10
GAMMA-UMD/METEOR,https://github.com/GAMMA-UMD/METEOR,10
vmware-archive/moves,https://github.com/vmware-archive/moves,10
facebookresearch/dp_compression,https://github.com/facebookresearch/dp_compression,10
ratschlab/repulsive_ensembles,https://github.com/ratschlab/repulsive_ensembles,10
clvrai/agile,https://github.com/clvrai/agile,10
liamdugan/summary-qg,https://github.com/liamdugan/summary-qg,10
dominiksinsaarland/document-level-FEVER,https://github.com/dominiksinsaarland/document-level-FEVER,10
rl-institut/oemof-B3,https://github.com/rl-institut/oemof-B3,10
debiai/debiai,https://github.com/debiai/debiai,10
hsp-panda/grasping-benchmarks-panda,https://github.com/hsp-panda/grasping-benchmarks-panda,10
drivendataorg/magnet-geomagnetic-field,https://github.com/drivendataorg/magnet-geomagnetic-field,10
kubeflow/kfserving-lts,https://github.com/kubeflow/kfserving-lts,10
bpbpublications/Continuous-Machine-Learning-with-Kubeflow,https://github.com/bpbpublications/Continuous-Machine-Learning-with-Kubeflow,10
academic-resources/stared-repos,https://github.com/academic-resources/stared-repos,10
tonhathuy/tensorrt-triton-magface,https://github.com/tonhathuy/tensorrt-triton-magface,10
miacsu/MTIL,https://github.com/miacsu/MTIL,10
datadesk/ripa-analysis,https://github.com/datadesk/ripa-analysis,10
ethz-asl/background_foreground_segmentation,https://github.com/ethz-asl/background_foreground_segmentation,10
