Unnamed: 0,full_name,description,topics,clone_url,created_at,updated_at,pushed_at,language,stars_count,forks_count,size,has_requirements_files,last_commit_hash
2119,angsten/pianonet,PianoNet is a deep neural network for generating piano compositions.,[],https://github.com/angsten/pianonet.git,2020-04-23 22:27,2022-11-16 12:28,2022-11-21 22:53,Python,16,3,58019,True,b092739e5fd4036821ce37e90e88c2d25838bf74
222,eclipse/kura,Eclipse Kura‚Ñ¢ project,"['eclipseiot', 'gateway', 'internet-of-things', 'iot', 'java']",https://github.com/eclipse/kura.git,2013-12-16 21:07,2023-02-23 9:33,2023-02-23 15:46,Java,450,299,271518,True,31ef269ef081bedd72772b8508dcc98cc960ba37
6683,boxkite-ml/boxkite,Concept drift monitoring for HA model servers.,[],https://github.com/boxkite-ml/boxkite.git,2020-12-02 6:00,2023-02-17 5:00,2023-02-20 7:00,Python,99,11,2491,True,da6d3fba5fd7d328695f202bdb731125165c9201
7263,toshan-luktuke/stock-market-analyser,This web app uses machine learning to analyse the stock market.,[],https://github.com/toshan-luktuke/stock-market-analyser.git,2021-09-11 14:41,2022-09-14 20:27,2023-01-10 8:18,JavaScript,24,6,1697,True,bf50a761373684d8cda9da7c2da5839590e21bb9
5603,vtuber-plan/vcvits,Non Parallel Voice Conversion based on VITS,"['speech-synthesis', 'svc', 'vits']",https://github.com/vtuber-plan/vcvits.git,2022-10-05 16:16,2023-02-19 16:00,2022-11-24 13:18,Python,15,3,8928,True,e49e32b50d7d3c0c08e5f13da0a0871c652a1c4d
6399,LineaLabs/lineapy,"Move fast from data science prototype to pipeline. Capture, analyze, and transform messy notebooks into data pipelines with just two lines of code.",[],https://github.com/LineaLabs/lineapy.git,2021-07-28 21:46,2023-02-23 19:29,2023-01-31 19:49,Python,566,30,37336,True,872c30474277665aed22d8566308c5c334f417ab
255,Giskard-AI/giskard,Collaborative & Open-Source Quality Assurance for AI models üßë‚Äçüîß‚ö°Ô∏è,"['ai', 'ai-test', 'ai-testing', 'artificial-intelligence', 'cicd', 'continous-delivery', 'continuous-integration', 'machine-learning', 'machine-learning-testing', 'ml', 'ml-test', 'ml-testing', 'ml-validation', 'mlops', 'model-monitoring', 'model-testing', 'model-validation', 'quality-assurance', 'testing', 'testing-tools']",https://github.com/Giskard-AI/giskard.git,2022-03-06 21:45,2023-02-23 1:55,2023-02-23 16:59,Java,382,24,98677,True,8163ee9a0265ecb6417c7364cb36eab5651d7c67
3113,bupt-ai-cz/LLVIP,LLVIP: A Visible-infrared Paired Dataset for Low-light Vision,"['cnn', 'computer-vision', 'deep-learning', 'gan', 'iccv2021', 'image-fusion', 'image-to-image-translation', 'low-light-image', 'low-light-vision', 'object-detection', 'visible-infrared']",https://github.com/bupt-ai-cz/LLVIP.git,2021-06-15 8:10,2023-02-23 4:09,2023-02-23 7:13,Jupyter Notebook,435,55,70675,True,278d1ce0beb6d9627f3181684e9f07c06711634c
489,Moving-AI/virtual-walk,Virtual walks in Google Street View using PoseNet and applying Deep Learning models to recognize actions.,"['google-maps', 'google-street', 'lstm-model', 'posenet', 'tensorflow', 'virtual-reality', 'webcam']",https://github.com/Moving-AI/virtual-walk.git,2020-03-27 7:52,2023-02-16 1:21,2022-11-21 22:58,Python,168,35,60617,True,75249dd4e2a3f6f949f40311d911ab716d2145a5
4412,thevasudevgupta/bigbird,Google's BigBird (Jax/Flax & PyTorch) @ ü§óTransformers,"['bigbird', 'huggingface', 'natural-questions', 'pytorch', 'transformers', 'wandb']",https://github.com/thevasudevgupta/bigbird.git,2021-03-02 21:33,2023-02-23 2:32,2022-09-17 20:00,Jupyter Notebook,44,8,14120,True,594783ae1c258763d8b337248026564d9be48d2b
7043,ekinakyurek/deprem_openai_apis,Extract addresses and intents from tweet texts,[],https://github.com/ekinakyurek/deprem_openai_apis.git,2023-02-07 6:00,2023-02-20 11:48,2023-02-17 22:40,Python,37,6,109,True,53aeaa4984b8616cbf7faef2d7c946de451c9e6e
2882,SeanNaren/deepspeech.pytorch,Speech Recognition using DeepSpeech2.,[],https://github.com/SeanNaren/deepspeech.pytorch.git,2017-01-10 7:28,2023-02-22 7:58,2022-12-13 15:05,Python,1996,621,742,True,b88a631ef6b96553e16bbaa5bd6a621435bed278
4809,StanfordASL/CoCo,,[],https://github.com/StanfordASL/CoCo.git,2020-03-29 21:30,2023-02-04 12:06,2023-02-10 23:09,Jupyter Notebook,29,13,66310,True,2f1f0a32a91c3417871308bab6918d1876d66392
802,aristoteleo/spateo-release,Spatiotemporal modeling of spatial transcriptomics ,"['3d-reconstruction', 'cell-segmentation', 'spatial-transcriptomics', 'spatiotemporal']",https://github.com/aristoteleo/spateo-release.git,2021-02-22 0:22,2023-02-22 3:42,2023-02-22 0:24,Python,80,11,11849,True,6f3f4cff7d25ca4c5a3bd7a45c127e639b8214f8
2861,open-mmlab/mmskeleton,"A OpenMMLAB toolbox  for human pose estimation, skeleton-based action recognition, and action synthesis.","['action-recognition', 'deep-learning', 'graph-convolutional-network', 'pytorch', 'skeleton-based-action-recognition']",https://github.com/open-mmlab/mmskeleton.git,2017-11-21 9:01,2023-02-23 13:20,2022-11-25 20:02,Python,2654,985,95585,True,b4c076baa9e02e69b5876c49fa7c509866d902c7
3523,memgraph/mage,MAGE - Memgraph Advanced Graph Extensions :crystal_ball:,"['cypher', 'graph-algorithms', 'graph-database', 'memgraph', 'open-source', 'real-time-analytics', 'stream-processing']",https://github.com/memgraph/mage.git,2021-01-07 9:51,2023-02-20 15:18,2023-02-17 8:19,Cypher,144,13,22081,True,f21446d191c28d9f0f09837b6b6ce4aa9d9e7fb4
4315,manthan89-py/Plant-Disease-Detection,Bases on Leaf images we are trying to predict plant disease using convolutional neural network. PyTorch implementation,"['cnn-model', 'convolutional-neural-networks', 'deep-learning', 'disease', 'leaf-images', 'plant-disease-detection', 'pytorch']",https://github.com/manthan89-py/Plant-Disease-Detection.git,2021-03-17 17:07,2023-02-23 11:27,2023-01-14 4:03,Jupyter Notebook,49,61,18457,True,472ddb5094594a0f8dbbf529123025571993d5a9
4222,facebookresearch/param,PArametrized Recommendation and Ai Model benchmark is a repository for development of numerous uBenchmarks as well as end to end nets for evaluation of training and inference platforms.,[],https://github.com/facebookresearch/param.git,2020-07-30 20:51,2023-02-15 1:35,2023-02-13 22:53,Python,53,28,745,True,18611f02a7d040049e14a5d36385c59bb3dacfb0
4695,mahdeslami11/pyannote-audio,,[],https://github.com/mahdeslami11/pyannote-audio.git,2022-12-31 7:04,2023-02-02 11:01,2023-01-12 21:23,Python,32,0,256268,True,a673857c73b789caf1a9ddc1590684013c64551d
7708,wolfmanstout/screen-ocr,"Easily perform OCR on portions of the screen, choosing from a selection of backends.",[],https://github.com/wolfmanstout/screen-ocr.git,2019-12-29 18:40,2022-11-01 2:47,2023-01-06 6:14,Python,13,6,195,True,ef2dcd10ff3df2d8742c7e1c3f839211de2f5fbb
7252,refinery-platform/heatmap-scatter-dash,Interactive visualizations for differential expression,"['differential-expression', 'docker', 'refinery', 'visualization']",https://github.com/refinery-platform/heatmap-scatter-dash.git,2017-11-15 20:16,2019-11-01 14:38,2022-12-08 2:17,Python,25,1,623,True,f5b3e466e036677d6d5414d3d369300fdfcd3fff
1089,Tesseract-MI/prostatecancer.ai,"prostatecancer.ai is an AI-based, zero-footprint medical image viewer that can identify clinically significant prostate cancer.","['artificial-intelligence', 'cornerstone', 'ohif', 'prostate-cancer']",https://github.com/Tesseract-MI/prostatecancer.ai.git,2018-08-08 14:40,2022-12-08 16:08,2022-11-21 21:27,JavaScript,48,35,18521,True,3e5d699f3972d1ceb5fa7b5010705643eae547ea
2783,luca-ant/WhatsSee,"A simple and humble image captioning application, based on a neural network built with Keras","['keras', 'python3', 'tensorflow']",https://github.com/luca-ant/WhatsSee.git,2019-08-14 11:49,2021-04-04 18:38,2022-09-23 22:28,Python,10,2,355678,True,947bebf4a05e222f746590bac69761546bee3047
1274,sapols/Satellite-Telemetry-Anomaly-Detection,Unsupervised machine learning techniques for detecting anomalies in LASP spacecraft telemetry,[],https://github.com/sapols/Satellite-Telemetry-Anomaly-Detection.git,2019-02-28 22:46,2023-01-12 21:49,2022-10-14 7:26,Jupyter Notebook,36,20,571685,True,83293fca2c25a9a3c8bea64bcaf97700d20f0c88
5587,algorithmiaio/langpacks,Standardized builder and runners for Algorithmia algorithms,"['algorithmia', 'algorithms', 'machine-learning']",https://github.com/algorithmiaio/langpacks.git,2016-02-10 7:18,2021-11-13 18:16,2022-11-22 8:16,Python,16,9,60027,True,a05460a5a0d61d922fb6b59fadfd8ddfd990bdf9
2034,joapolarbear/dpro,Analysis for the traces from byteprofile,[],https://github.com/joapolarbear/dpro.git,2019-11-11 16:51,2023-01-10 12:35,2022-09-07 13:27,Python,17,2,1659,True,94538388590a51a8db5818cff3f93febb387c618
7767,pangyuteng/aigonewrong,,[],https://github.com/pangyuteng/aigonewrong.git,2020-10-24 20:42,2022-12-30 22:59,2023-02-21 21:16,Jupyter Notebook,12,4,66468,True,483ec0e36a5f93bafaa303e2939278ffe269db02
2329,JdeRobot/ObjectDetector,,[],https://github.com/JdeRobot/ObjectDetector.git,2018-01-23 16:40,2021-11-11 7:45,2022-11-22 6:00,Python,14,14,273251,True,d6eaa075d78686a80965678cefb5e79a3b535146
2799,zhengying-liu/autodl-contrib,"Join us and be credited for AutoDL challenge - the next big thing in automated machine learning. Organized by Google, ChaLearn and 4Paradigm.",[],https://github.com/zhengying-liu/autodl-contrib.git,2018-06-21 17:48,2022-11-14 6:55,2022-11-21 21:29,Jupyter Notebook,10,8,14056,True,0c9c0d8362207533fe1e3a86bdbc53cd983f24d5
1742,v-sivak/quantum-control-rl,Model-Free Quantum Control with Reinforcement Learning.,[],https://github.com/v-sivak/quantum-control-rl.git,2020-04-15 2:59,2023-02-17 3:03,2022-11-21 23:04,Jupyter Notebook,22,6,5186,True,ec9a5b070215655251c7acbddba9d7e7dc5cbc95
3416,Kitware/kwiver,Pulls Together Computer Vision Algorithms into Highly-Modular Run-Time Configurable Systems,[],https://github.com/Kitware/kwiver.git,2014-08-22 15:22,2023-02-16 19:22,2023-02-22 18:27,C++,180,78,63551,True,f0b40a92a170ca34789e61f0208c4481914fac18
3642,wimlds-trojmiasto/detect-waste," AI to Combat Environmental Pollution - detecting plastic waste in the environment to combat environmental pollution and promote circular economy (Deep Learning, PyTorch)","['cnn', 'deep-learning', 'detr', 'efficientdet', 'fastrcnn', 'litter', 'maskrcnn', 'neural-networks', 'object-detection', 'python', 'pytorch', 'trash', 'waste-detection']",https://github.com/wimlds-trojmiasto/detect-waste.git,2020-11-19 11:04,2023-02-11 15:00,2022-11-22 10:13,Python,115,36,87245,True,0a4367b121e4bfabdfb148b323090573ac2dadc2
4540,MaximIntegratedAI/ai8x-synthesis,Quantization and Synthesis (Device Specific Code Generation) for ADI's MAX78000 and MAX78002 AI Devices,"['ai', 'analog-devices', 'artificial-intelligence', 'deep-learning', 'machine-learning', 'max78000', 'max78002', 'maxim', 'maxim-integrated']",https://github.com/MaximIntegratedAI/ai8x-synthesis.git,2020-05-19 21:57,2023-02-04 15:47,2023-02-15 23:01,Python,38,34,507536,True,c53d34f0731d7f06a5596f36c616966dd5def0e3
2493,harshareddy794/HACKTOBERFEST2020,Repository for hacktoberfest 2020,"['digitalocean', 'hacktoberfest', 'open-source']",https://github.com/harshareddy794/HACKTOBERFEST2020.git,2020-10-01 8:06,2022-02-12 20:54,2022-12-08 10:20,Jupyter Notebook,12,108,20514,True,01ebafdf6de908786dbd5f6b79485c2c9445cc5b
2559,fusion-ml/trajectory-information-rl,Bayesian active RL (BARL) and trajectory information planning (TIP),[],https://github.com/fusion-ml/trajectory-information-rl.git,2021-06-07 8:44,2022-11-26 4:55,2022-10-11 13:47,Jupyter Notebook,11,1,17037,True,102671364199a6824c8d19c8f067796cf6d41ff0
7999,tianxing1994/OpenCV,pip install opencv-contrib-python,[],https://github.com/tianxing1994/OpenCV.git,2019-05-02 14:17,2022-12-03 10:14,2022-12-08 6:06,Python,10,3,640778,True,69c97b5e1e9694a4a1d418f7fcbfd4e2cf92c943
7376,QData/FastSK,Bioinformatics 2020: FastSK: Fast and Accurate Sequence Classification by making gkm-svm faster and scalable. https://fastsk.readthedocs.io/en/master/,"['cpp', 'gkm-svm', 'python-library', 'sequence-classification', 'string-classification', 'string-kernel']",https://github.com/QData/FastSK.git,2018-04-20 20:50,2022-12-16 9:57,2022-12-08 9:37,Python,20,8,119145,True,d275a232cea129299021051cd6ac94d2296e83c8
1893,ryry013/Rai,Discord bot for Discord language learning servers written in Python,"['discord', 'discord-bot', 'discord-py']",https://github.com/ryry013/Rai.git,2018-06-12 5:42,2022-12-22 23:18,2023-02-21 3:49,Python,19,15,1825,True,f86b922cf26ad837a46799dfb826232f58f37d84
3451,pulp-platform/snitch,Lean but mean RISC-V system!,[],https://github.com/pulp-platform/snitch.git,2020-08-21 9:57,2023-02-22 22:57,2023-02-23 17:38,SystemVerilog,167,30,12816,True,66c66a320b0d95a8cd36ef2019a49905d98b41b0
3441,iPieter/RobBERT,A Dutch RoBERTa-based language model,"['bert', 'bert-model', 'language-model', 'nlp', 'nlp-resources', 'roberta', 'transformers']",https://github.com/iPieter/RobBERT.git,2019-12-19 13:26,2023-02-08 11:01,2023-02-16 6:40,Jupyter Notebook,170,25,1525,True,e44a4107d0fdaed45b30ec5c9da63eba6b03f2f6
1944,mr-chen-king/auto_control_app,python control app Áæ§ÊéßÊâãÊú∫pythonËÑöÊú¨,[],https://github.com/mr-chen-king/auto_control_app.git,2019-06-25 8:28,2022-11-03 13:58,2022-11-22 2:10,Python,19,12,27023,True,23b3d342b339bb37a47caea93b5486ba675e2a58
1433,EngineerDDP/Parallel-SGD,‰∏Ä‰∏™Áî®‰∫éËÅîÈÇ¶Â≠¶‰π†ÊàñÂàÜÂ∏ÉÂºèÊú∫Âô®Â≠¶‰π†ÔºåÂØπ‰∏çÂêåÁΩëÁªúÊãìÊâëËøõË°åÂÆûÈ™åÁöÑÁÆÄÊòìÊ°ÜÊû∂„ÄÇ,[],https://github.com/EngineerDDP/Parallel-SGD.git,2019-10-10 1:46,2023-02-23 9:46,2022-11-21 23:25,Python,31,11,24105,True,7ba8768bff10b974ea4b14349036830d879ac069
1193,eternagame/KaggleOpenVaccine,,[],https://github.com/eternagame/KaggleOpenVaccine.git,2020-12-05 19:00,2023-02-23 10:29,2023-02-10 15:42,Jupyter Notebook,42,5,99783,True,efbee72bf9df85999296eaa1632d20c8e8a32f7b
4070,UnitTestBot/UTBotJava,Automated unit test generation and precise code analysis for Java,"['intellij-plugin', 'java', 'software-analysis', 'symbolic-execution', 'test-generation']",https://github.com/UnitTestBot/UTBotJava.git,2022-04-12 12:55,2023-02-10 8:49,2023-02-23 6:31,Kotlin,63,23,208865,True,a1ed18936e1115fe3885785135376eee74cefc1f
7306,wildboar-foundation/wildboar,wildboar is a Python module for temporal machine learning,"['cython', 'distance-measures', 'dtw', 'dynamic-time-warping', 'euclidean-distances', 'machine-learning', 'numpy', 'python', 'scipy', 'timeseries']",https://github.com/wildboar-foundation/wildboar.git,2018-05-04 10:32,2023-02-15 10:46,2023-02-23 16:18,Python,23,3,195886,True,c8ddd2b9465fb67b3c16873e365cf5dbebd877c6
1303,trevphil/cryptosym,"SAT-based, MILP, and belief propagation preimage attacks on SHA-256 and other cryptographic hash functions","['combinatorial-optimization', 'cryptography', 'machine-learning', 'optimization', 'sha256']",https://github.com/trevphil/cryptosym.git,2019-07-24 15:52,2023-01-14 8:22,2022-12-08 10:55,Python,35,7,7320,True,c6d7e9126358e3c09d8ac8a2a95c439bdab95540
3270,informagi/REL,REL: Radboud Entity Linker,[],https://github.com/informagi/REL.git,2020-02-19 18:02,2023-02-14 2:51,2023-02-20 7:05,Python,256,64,3227,True,a61bfc02d7aa713b470f0ed3f83af1c6c72eef8c
7332,TexasInstruments/edgeai-benchmark,EdgeAI Deep Neural Network Models Benchmarking,[],https://github.com/TexasInstruments/edgeai-benchmark.git,2021-07-27 22:19,2023-02-02 9:45,2023-02-21 12:41,Python,21,6,182236,True,fcf7828e62069fa635503cdb0005f4548c7abf4d
8044,AshuKulu/HacktoberFest2022,,"['hacktoberfest', 'hacktoberfest-accepted', 'hacktoberfest-starter', 'hacktoberfest2022']",https://github.com/AshuKulu/HacktoberFest2022.git,2022-10-01 13:44,2022-11-26 16:01,2022-10-31 10:24,Jupyter Notebook,38,74,5099,True,0b0047f5caaee69f9fcb7e87f28b1895206bd5ec
6109,makgyver/gossipy,Python module for simulating gossip learning.,"['deep-learning', 'distributed-machine-learning', 'federated-learning', 'gossip-learning', 'gossip-protocol', 'pytorch', 'simulation']",https://github.com/makgyver/gossipy.git,2021-07-13 13:28,2023-01-31 13:48,2023-02-22 10:04,Python,11,4,2475,True,3d655829805fc0dc2f01f5b0862240fca08ffe1c
6875,BioDepot/BioDepot-workflow-builder,:computer:  GUI for creating bioinformatics workflows from :whale: Docker containers:,[],https://github.com/BioDepot/BioDepot-workflow-builder.git,2016-12-16 17:46,2023-01-31 16:46,2023-02-22 6:54,Python,55,19,131053,True,0d27995a275a88595d384d3bbf1c764155ed7e6e
7308,City-of-Helsinki/mlops-template,Generic repository template for small scale MLOps,"['data-science', 'datascience', 'machine-learning', 'machinelearning', 'mlops', 'python']",https://github.com/City-of-Helsinki/mlops-template.git,2021-06-03 7:20,2023-02-08 0:10,2023-01-26 13:08,Python,22,4,5726,True,97010530e85f320487d1e695f889ba0d33205204
7068,SteveF92/FantasyCritic,"Fantasy Critic is like Fantasy Football, except for video games!",[],https://github.com/SteveF92/FantasyCritic.git,2018-07-15 22:41,2023-01-31 17:02,2023-02-22 1:01,C#,34,15,17215,True,7bc6455ee9c0afde40a28bc66cb82084e49d1709
4027,yjh0410/FreeYOLO,,[],https://github.com/yjh0410/FreeYOLO.git,2022-04-18 10:21,2023-02-18 12:32,2023-02-14 4:49,Python,67,15,10347,True,30ca71424c965bb61917e1a9579dabd71b55c64e
7002,nasa/bingo,,[],https://github.com/nasa/bingo.git,2018-10-10 17:42,2023-02-10 21:17,2022-12-06 17:15,Python,40,27,5481,True,038e2f3eea0a66af48c503d2857b7f667dcba59e
7584,Covid-19-Response-Greece/covid19-data-greece,Datasets and analysis of Novel Coronavirus (COVID-19) outbreak in Greece,"['2019-ncov', 'coronavirus', 'coronavirus-analysis', 'coronavirus-dataset', 'coronavirus-tracking', 'covid-19', 'covid-19-greece', 'data-analysis', 'dataset', 'greece', 'open-source-covid']",https://github.com/Covid-19-Response-Greece/covid19-data-greece.git,2020-03-30 13:56,2022-12-14 23:14,2023-02-24 0:45,HTML,15,12,528165,True,fda2de87e77202f3ed9af09cb60532dd86562259
5317,PMMon/Thesis_Social_Interactions,,[],https://github.com/PMMon/Thesis_Social_Interactions.git,2020-04-24 12:17,2022-03-09 10:56,2022-11-22 9:59,Python,19,2,43506,True,1ee8a912fad29c620df34a98b61a6cb1ec7bbb3b
7277,raffg/trump-tweet-author-identification,Project to classify tweets on @realDonaldTrump as either written by Trump or by his staff,[],https://github.com/raffg/trump-tweet-author-identification.git,2018-01-04 21:13,2022-03-02 23:38,2022-11-22 2:15,Python,24,7,10705,True,4ce1d747ad90f25e29687988eff6438b8fb092a0
6525,miha-skalic/youtube8mchallenge,1st place solution to Kaggle's 2018 YouTube-8M Video Understanding Challenge,[],https://github.com/miha-skalic/youtube8mchallenge.git,2018-08-12 21:07,2023-02-07 3:36,2022-12-08 2:22,Python,199,56,15912,True,65f20e9760ecb582e746e2a16cef6898a0ab6270
6948,marcusturewicz/dotnet-twitter-bot,:bird: :robot: I am a bot that retweets .NET related tweets.,"['dotnet', 'dotnetcore', 'dotnetframework', 'twitter', 'twitter-bot']",https://github.com/marcusturewicz/dotnet-twitter-bot.git,2020-01-09 1:30,2022-12-24 15:14,2023-02-20 18:56,Jupyter Notebook,46,8,3606,True,a5e08610c5f300ef48dc6b744e8685d4367d0b46
378,datature/portal,Portal is the fastest way to load and visualize your deep neural networks on images and videos üîÆ,[],https://github.com/datature/portal.git,2021-06-29 5:35,2023-02-21 5:21,2022-12-20 1:52,TypeScript,243,36,71935,True,45517161ed110faf3ff6be5a8f90195a673a9f2a
7226,wandb/sweeps,W&B Hyperparameter Sweep Engine. File sweeps related issues at the W&B client: https://github.com/wandb/client,[],https://github.com/wandb/sweeps.git,2021-04-22 17:40,2023-02-23 23:06,2023-02-23 19:27,Python,28,4,890,True,a73ecc61fd38d52f506a1b1e14c2668b47d16def
1413,qianxunclub/ticket,„Äê12306 Ë¥≠Á•®ËæÖÂä©„ÄëËøôÊòØ‰∏Ä‰∏™ÁâõÈÄºÁöÑÂÖ®Ëá™Âä®Ë¥≠Á•®Á≥ªÁªüÔºåËØ•Á≥ªÁªü‰∏∫ Spring Boot ÁºñÂÜôÁöÑÂêéÁ´ØÊúçÂä°ÔºåÂ∞±‰∏çÈúÄË¶ÅÂ§©Â§©ÁõØÁùÄ 12306 ÂÆòÁΩëÊü•ËØ¢‰ΩôÁ•®‰∫ÜÔºåÁî®Ëµ∑Êù•ÂæàÁàΩÔºå‰øùËØÅ‰∏çÊî∂ÈõÜ‰ªª‰ΩïÊïèÊÑü‰ø°ÊÅØÔºåÁúüÁöÑ„ÄÇQQÁæ§Ôºö852214454,[],https://github.com/qianxunclub/ticket.git,2019-12-11 10:10,2023-01-04 2:04,2022-08-30 11:00,Java,31,23,154368,True,04e18365a6e7424f6b763223502845cc61f910a1
8007,nsu-ai-team/conv1d-text-vae,A variational autoencoder for text processing using 1D convolutions and the FastText word embeddings,[],https://github.com/nsu-ai-team/conv1d-text-vae.git,2018-08-31 17:56,2022-07-11 15:23,2022-12-11 3:30,Python,10,1,5908,True,13528922c860031bd6abaf2d1aba58b24ffffc6d
7612,OpenStackweb/openstack-org,57b48219c7f0d9b76986c9f16300dc06d7307458 ,[],https://github.com/OpenStackweb/openstack-org.git,2014-09-19 16:35,2022-12-14 22:29,2023-01-27 18:46,PHP,15,26,127224,True,ae7789f610ad0121ded556ee3f6b763a4057a74e
3986,ubicomplab/rPPG-Toolbox,,[],https://github.com/ubicomplab/rPPG-Toolbox.git,2021-07-08 5:10,2023-02-20 18:01,2023-02-21 0:50,Python,71,19,115662,True,be4a0ac1d918089876bb673eb7667e1f7fde8c27
2746,Kirili4ik/code2vec,code2vec for Python 3 made for NL2ML project,"['code2vec', 'embeddings', 'python3']",https://github.com/Kirili4ik/code2vec.git,2020-05-02 0:22,2023-02-01 13:04,2022-11-21 23:28,Python,10,2,109572,True,4867647eb68ec3708fb77d3500d4f3fc48331374
5106,bigscience-workshop/metadata,"Experiments on including metadata such as URLs, timestamps, website descriptions and HTML tags during pretraining.",[],https://github.com/bigscience-workshop/metadata.git,2021-07-23 15:55,2023-01-26 20:08,2023-02-12 8:09,Python,22,9,900,True,56a48cfe6f50e754052ecaeaf4433ce465ab1ab1
2933,hukaixuan19970627/yolov5_obb,yolov5 + csl_label.(Oriented Object Detection)ÔºàRotation DetectionÔºâÔºàRotated BBoxÔºâÂü∫‰∫éyolov5ÁöÑÊóãËΩ¨ÁõÆÊ†áÊ£ÄÊµã,"['aerial-imagery', 'detection', 'dota', 'oriented', 'rotated-object', 'rotation', 'yolov5']",https://github.com/hukaixuan19970627/yolov5_obb.git,2021-03-17 9:13,2023-02-23 10:57,2023-02-11 4:09,Python,1164,325,18588,True,b00c3f245e50e7a80460a1b949d22ea7dfeb27a0
1087,Samuel-Buteau/universal-battery-database,Open source Li-ion data management and modelling software,"['deep-learning', 'lithium-ion', 'lithium-ion-cells', 'ml', 'tensorflow', 'universal-battery-database']",https://github.com/Samuel-Buteau/universal-battery-database.git,2019-10-15 15:33,2023-01-29 19:41,2022-12-08 3:55,Python,48,12,2151,True,55e64db74eb05cd9f0541a243bb540c0deba7d60
7321,tjhunter/dds_py,Data-driven software (python implementation),[],https://github.com/tjhunter/dds_py.git,2020-08-27 12:45,2023-01-23 13:14,2022-12-27 14:12,Jupyter Notebook,22,0,8835,True,4ece29dee915ed2ff1ba6f1be979a02cfab5fead
4804,lanl/PYSEQM,an interface to semi-empirical quantum chemistry methods implemented with pytorch,[],https://github.com/lanl/PYSEQM.git,2020-06-16 0:32,2023-02-03 3:05,2023-02-06 5:47,Python,29,13,2198,True,029b2989a2414468e70541eda6863975a72a5afb
4213,yjh0410/PyTorch_YOWO,,[],https://github.com/yjh0410/PyTorch_YOWO.git,2022-08-09 6:30,2023-02-17 19:40,2022-11-03 1:28,Python,53,11,30233,True,f5073869b9d5a167403c0c8eb64666fe87fdd930
2352,undera/chess-engine-nn,Chess engine that uses neural network to decide on moves,"['chess', 'machine-learning', 'neural-network', 'python']",https://github.com/undera/chess-engine-nn.git,2019-02-19 7:43,2023-02-19 4:12,2023-01-06 19:04,Python,13,6,8563,True,8e85e9def44a0b5e3b8e6e82772af2826c961c4d
2625,colinrsmall/This-Hockey-Player-Does-Not-Exist,,[],https://github.com/colinrsmall/This-Hockey-Player-Does-Not-Exist.git,2020-03-31 4:41,2022-11-06 15:46,2022-11-22 4:40,Jupyter Notebook,11,1,9577,True,fe1a84997eee9ca3655466c5c8969e6d6a447089
2944,milvus-io/bootcamp,"Dealing with all unstructured data, such as reverse image search, audio search, molecular search, video analysis, question and answer systems, NLP, etc.","['audio-search', 'benchmark-testing', 'deep-learning', 'hacktoberfest', 'image-classification', 'image-recognition', 'image-search', 'milvus', 'nlp', 'python', 'question-answering', 'unstructured-data']",https://github.com/milvus-io/bootcamp.git,2019-08-09 10:00,2023-02-23 8:47,2023-02-11 0:55,Python,1064,442,159495,True,77f2ea28c2db9d61e0fae66ebc08758c3442a1b8
5110,ANRGUSC/Jupiter,Jupiter is an orchestrator for Dispersed (Networked) Computing that uses Docker containers and Kubernetes.,[],https://github.com/ANRGUSC/Jupiter.git,2018-01-27 0:25,2023-01-29 10:46,2023-01-24 3:07,Python,22,16,4296372,True,c413c7f538b4f3db5207d6ed20f938652ca80898
5432,artonson/def,Learning to Detect Sharp Geometric Features for 3D Shape Reconstruction,[],https://github.com/artonson/def.git,2019-05-20 11:06,2023-02-23 16:37,2023-01-24 16:02,Jupyter Notebook,19,4,96869,True,ca6ee8f240f263ef3e12f829e749982b37a6e7fa
866,allegroai/clearml-serving,ClearML - Model-Serving Orchestration and Repository Solution,"['ai', 'clearml', 'deep-learning', 'devops', 'kubernetes', 'machine-learning', 'mlops', 'model-serving', 'serving', 'serving-ml', 'serving-pytorch-models', 'tensorflow-serving', 'triton', 'triton-inference-server']",https://github.com/allegroai/clearml-serving.git,2021-04-12 0:08,2023-02-23 9:23,2023-02-07 6:05,Python,71,25,2061,True,2d3ac1fe63637db1978df2b3f5ea4903ef59788a
127,atulapra/Emotion-detection,Real-time Facial Emotion Detection using deep learning,"['computer-vision', 'deep-learning', 'emotion-detection', 'emotion-recognition', 'haar-cascade', 'opencv', 'opencv-python', 'tflearn']",https://github.com/atulapra/Emotion-detection.git,2017-08-06 6:28,2023-02-22 14:40,2023-02-16 18:24,Python,885,396,16469,True,934e111b8cc0870b9505e30e912dac8aa9696326
7667,SoloTodo/solotodo_core,,[],https://github.com/SoloTodo/solotodo_core.git,2017-07-11 21:59,2022-12-31 6:27,2023-02-15 17:36,Python,14,5,3380,True,edc8a67c868b827b181446dc45f249f98de0764b
2123,naturalis/sdmdl,Species Distribution Modelling using Deep Learning,"['biodiversity-patterns', 'deep-learning', 'dl-sdm', 'ecological-niche-modelling']",https://github.com/naturalis/sdmdl.git,2019-06-19 11:17,2022-07-06 14:22,2023-02-14 2:01,Python,16,10,366312,True,034ce4e807f7a83d31bf7b46435275ba91cfcb00
983,raphaelsty/mkb,Knowledge Base Embedding By Cooperative Knowledge Distillation,"['distillation', 'embeddings', 'graph', 'graph-embedding', 'knowledge', 'knowledge-graph', 'knowledge-graph-embeddings', 'machine-learning', 'mkb', 'pytorch', 'triplets', 'wn18']",https://github.com/raphaelsty/mkb.git,2020-04-06 11:42,2023-01-24 16:28,2022-10-02 20:18,Python,58,2,46222,True,9f2c7a6de05e171074b0a27c3f8ec7d7279542c6
2448,m-doru/Facial-based-authentication-system,Proiect licenta ,"['face-identification', 'face-recognition', 'face-spoof-detection']",https://github.com/m-doru/Facial-based-authentication-system.git,2016-10-03 10:46,2022-12-12 2:59,2023-01-07 13:11,Python,13,5,234392,True,49cdddfd12475f7d35fa08781978dc32c06ec2a9
3368,louis-she/minetorch,Build deep learning applications in a new and easy way.,"['digits', 'ignite', 'mnist', 'pytorch', 'pytorch-visualization', 'tensorboard', 'tools', 'torchpack']",https://github.com/louis-she/minetorch.git,2018-09-01 7:28,2023-02-23 13:15,2022-12-08 5:01,Python,200,19,1831,True,93c7d2bc3a5b456d9997f1f6492fa638b34d8d2c
7750,alanmitchell/bmon,Web-based Building Monitoring Database and Analysis Software,[],https://github.com/alanmitchell/bmon.git,2014-11-05 4:36,2022-07-17 15:26,2023-02-23 17:35,Python,12,7,5381,True,e2300030959c02a68d0a60608c6c897d271fb62a
3190,infstellar/genshin_impact_assistant,"Âü∫‰∫éÂõæÂÉèËØÜÂà´ÂíåÊ®°ÊãüÊåâÈîÆÁöÑÂ§öÂäüËÉΩÂéüÁ•ûËá™Âä®ËæÖÂä©Êìç‰Ωú,ÂåÖÊã¨Ëá™Âä®ÊàòÊñó,Ëá™Âä®Âà∑ÁßòÂ¢É,Ëá™Âä®Âà∑Â§ß‰∏ñÁïåÊùêÊñô„ÄÇ",[],https://github.com/infstellar/genshin_impact_assistant.git,2022-09-12 4:25,2023-02-23 16:38,2023-02-23 16:10,Python,335,33,526152,True,754ca29fa8221eed2191c5081088ec5602bd694b
139,microsoft/nnfusion,A flexible and efficient deep neural network (DNN) compiler that generates high-performance executable from a DNN model description. ,[],https://github.com/microsoft/nnfusion.git,2020-04-01 4:15,2023-02-17 16:59,2023-02-22 7:57,C++,780,125,159416,True,bd4f6feed217a43c9ee9be16f02fa8529953579a
1800,GauthierDmn/question_answering,Question Answering task using Deep Learning on SQuAD dataset,[],https://github.com/GauthierDmn/question_answering.git,2019-03-14 23:33,2022-12-30 18:11,2022-12-08 4:52,Python,21,30,656,True,2f7043df96f6d22d29ee9eedfd07b3caa779e6bb
7040,kwrobel-nlp/krnnt,Polish morphological tagger.,"['polish', 'pos-tagger', 'tagger']",https://github.com/kwrobel-nlp/krnnt.git,2017-08-03 19:45,2023-02-02 13:21,2022-11-21 21:00,Python,37,7,33105,True,ea7fb03340b4722f6f6c83a642d23138bb2f41c0
633,kubeflow/kfp-tekton,Kubeflow Pipelines on Tekton,"['dsl', 'hacktoberfest', 'kubeflow', 'kubeflow-pipeline', 'mlops', 'python', 'tekton', 'tekton-pipelines']",https://github.com/kubeflow/kfp-tekton.git,2019-10-23 20:33,2023-02-22 9:41,2023-02-23 15:58,TypeScript,121,101,70369,True,92a09f1fa5b7caea933bcf84b7c6a1b3b3f118e7
113,avinashkranjan/Amazing-Python-Scripts,üöÄ Curated collection of Amazing Python scripts from Basics to Advance with automation task scripts.,"['artificial-intelligence', 'hacktoberfest', 'machine-learning', 'projects', 'python', 'python-projects', 'python-scripts', 'speech', 'webcam']",https://github.com/avinashkranjan/Amazing-Python-Scripts.git,2020-07-14 16:57,2023-02-23 11:09,2023-02-16 3:09,Jupyter Notebook,1189,482,295993,True,19495cdb681ad67271540ac8e0341b38bd889384
2338,SamarthTMSL/HacktoberFest-Projects-and-games,Make a Valid pull request for Hacktoberfest 2022. Pull Requests are reviewed within 5hrs of making it.,"['beginner', 'beginner-friendly', 'cpp', 'hacktoberfest', 'hacktoberfest2022', 'html-css-javascript', 'javascript', 'js', 'jupyter-notebook', 'python', 'python3', 'reactjs', 'vue']",https://github.com/SamarthTMSL/HacktoberFest-Projects-and-games.git,2022-10-05 15:17,2023-01-07 21:24,2022-10-31 18:28,Jupyter Notebook,13,65,113522,True,61ff9d079a7cc2f0d4dd1b1ff4ff1c72ec227359
